borrower_id,monthly_income,emi_outflow
0,56020,20025
1,62498,27087
2,75815,28417
3,129492,26244
4,94755,5055
5,83134,5689
6,125702,37535
7,15086,15387
8,118518,26842
9,64148,19137
10,100750,33294
11,39928,37744
12,133626,38432
13,107599,24290
14,112156,8126
15,60192,21378
16,40830,2010
17,22415,18202
18,106983,1667
19,39769,4779
20,125986,3164
21,113830,17121
22,122673,17967
23,57862,37968
24,65505,3944
25,32249,32869
26,31733,12580
27,56576,21504
28,62111,29051
29,73964,36781
30,39573,38897
31,101871,7878
32,54974,17165
33,102255,36630
34,21179,5505
35,80172,14726
36,19826,33295
37,112219,22677
38,109386,6414
39,122617,22032
40,68682,23498
41,110868,14560
42,69439,26208
43,34258,33856
44,56153,29192
45,91790,23042
46,20790,28260
47,111676,18743
48,47175,33737
49,28130,29632
50,54319,38769
51,96225,31585
52,62702,39801
53,34631,36926
54,49757,34543
55,68539,24010
56,30056,11006
57,85606,22475
58,17829,13937
59,119743,18004
60,115014,22922
61,78273,12742
62,28926,10950
63,81970,34170
64,54479,37715
65,115592,6586
66,33702,21254
67,27838,14327
68,50249,20129
69,110799,9031
70,84206,24574
71,22344,24297
72,105474,5438
73,110565,6408
74,15250,25563
75,121136,34372
76,82322,30600
77,109110,19310
78,111294,10469
79,42978,2427
80,77430,20371
81,107759,7403
82,36663,3152
83,110069,7054
84,63971,13708
85,132445,20956
86,56338,14832
87,117797,32505
88,86551,3742
89,127671,2377
90,89741,3524
91,117090,18708
92,84047,10221
93,69018,23698
94,92957,3581
95,19831,19157
96,20714,8996
97,93173,31579
98,60264,26400
99,27911,11122
100,96396,12944
101,43382,24570
102,47963,31567
103,52551,14134
104,91811,16766
105,79442,16808
106,106435,25796
107,127051,32500
108,114020,36751
109,84710,846
110,68201,15796
111,79209,33007
112,57600,27879
113,92407,29737
114,108841,32143
115,22155,12911
116,110409,36151
117,24027,21660
118,90739,38409
119,25215,13448
120,65665,12690
121,108664,11429
122,124988,13941
123,24572,10840
124,128958,27158
125,113083,12920
126,44991,28872
127,105018,38181
128,42480,7376
129,111908,29181
130,48370,1411
131,24296,5309
132,131396,11573
133,123697,6248
134,40472,38134
135,97715,29388
136,93541,34073
137,98755,34133
138,58467,33936
139,43808,34538
140,42770,31248
141,134420,23421
142,21190,311
143,75877,2391
144,76947,18907
145,96314,3782
146,23729,35336
147,112909,21385
148,79354,26221
149,52428,35213
150,56329,10996
151,37145,17201
152,77488,22256
153,89159,11179
154,128021,13456
155,48641,35771
156,67654,18538
157,124597,8636
158,107731,36522
159,114170,6930
160,78938,21365
161,75741,17249
162,79312,22708
163,87145,21047
164,98378,2558
165,116542,179
166,69106,19154
167,67666,5435
168,48242,1796
169,93828,29882
170,123155,3380
171,58105,12839
172,74931,24894
173,131126,1296
174,104454,20130
175,110910,35219
176,101919,16386
177,42063,2596
178,59212,31069
179,24603,34197
180,30454,11746
181,33666,20598
182,104561,38801
183,119804,26549
184,131276,9770
185,113992,33699
186,108039,9389
187,78916,18676
188,118061,12258
189,118444,12024
190,80298,14560
191,53558,15354
192,131836,2273
193,31584,27356
194,49862,18828
195,59693,12865
196,57663,35119
197,46721,4917
198,90960,2741
199,126713,20093
200,27357,24043
201,92577,2123
202,25568,13401
203,54914,3780
204,103047,13388
205,86146,20127
206,119026,18709
207,41891,30544
208,113729,34297
209,78332,29500
210,132250,18734
211,32850,33730
212,41040,20103
213,94652,2612
214,31392,4086
215,104795,39047
216,52956,38994
217,24482,1840
218,104636,12494
219,18824,1870
220,100519,25068
221,47202,33717
222,18467,31834
223,24687,17006
224,113058,14372
225,115570,8035
226,21991,1076
227,15244,26455
228,79906,26497
229,19282,13110
230,130957,9953
231,134435,1903
232,98808,14501
233,104379,35485
234,125746,2538
235,122181,13837
236,72273,15466
237,15559,7207
238,97863,36828
239,77118,39588
240,52191,13880
241,36072,8006
242,99850,33862
243,103595,29847
244,103352,1411
245,49801,6747
246,102422,14563
247,96486,9119
248,63681,5328
249,120280,16209
250,88426,33069
251,33672,33194
252,92188,5119
253,40066,8986
254,43443,23324
255,130341,22643
256,84406,793
257,77552,6154
258,134444,7704
259,68390,7716
260,68358,35101
261,80278,733
262,94987,38626
263,123520,24549
264,129196,28102
265,91908,7852
266,133751,26921
267,103419,37844
268,64144,12855
269,61282,34826
270,20632,21410
271,102697,954
272,64094,6124
273,61729,32444
274,52112,32422
275,117599,34440
276,91034,18545
277,21663,6177
278,73923,25221
279,134040,28233
280,82878,8817
281,131298,35707
282,100845,14796
283,37187,28546
284,65323,1529
285,27512,2942
286,54460,13942
287,49208,32176
288,101213,2703
289,121145,6627
290,83580,29947
291,43258,6702
292,114865,21681
293,25355,29032
294,109570,23494
295,41238,35972
296,131520,26437
297,91596,28615
298,125044,5136
299,120361,13042
300,114336,31899
301,56405,21715
302,81865,24489
303,96793,7734
304,51009,27521
305,104900,10851
306,111066,36317
307,93328,18936
308,98647,39278
309,54306,4849
310,108365,10724
311,21573,10859
312,42308,6156
313,122780,35260
314,103552,34411
315,48364,31417
316,18219,9095
317,115919,17421
318,116649,3781
319,104930,13614
320,111164,26238
321,25716,34896
322,85549,5154
323,113950,34435
324,61105,13537
325,64721,21214
326,63354,6089
327,18615,10624
328,116218,12295
329,54609,38152
330,118456,28698
331,61412,14169
332,98903,35905
333,37657,31828
334,19104,37368
335,62448,39250
336,116540,34330
337,30765,33367
338,94604,38196
339,75890,23355
340,111734,17540
341,15437,39503
342,24642,15860
343,68214,30575
344,131039,27057
345,54107,1568
346,33521,32211
347,103378,8377
348,70818,38488
349,87077,8037
350,29267,38380
351,80626,5904
352,112339,22094
353,120546,36473
354,87098,16021
355,130589,33153
356,51415,34660
357,45179,25594
358,132898,34809
359,28497,39892
360,28211,39726
361,88884,3997
362,91007,4831
363,93510,32724
364,114117,18324
365,34043,20142
366,76559,14168
367,51013,17901
368,108491,34755
369,125204,16948
370,91602,17644
371,23853,8616
372,77257,9140
373,19330,800
374,123012,35774
375,23620,34803
376,60912,19684
377,111771,326
378,101172,1789
379,104093,8238
380,44747,37074
381,78865,32474
382,119451,30306
383,93985,8190
384,104331,31896
385,44142,30710
386,53400,7901
387,20859,13169
388,45636,25942
389,133426,32808
390,77296,9664
391,59691,4283
392,123114,22946
393,19395,207
394,77764,30066
395,124449,37809
396,15556,35151
397,110942,11329
398,84412,32096
399,48783,19268
400,71180,27254
401,57866,32073
402,116029,12348
403,109795,27621
404,25279,6238
405,130223,19887
406,41192,18868
407,130455,1333
408,88882,6027
409,48363,25060
410,91382,2409
411,104396,35731
412,88614,31884
413,132911,13201
414,74507,36394
415,61676,38182
416,129656,7142
417,87075,22095
418,58241,30514
419,60152,21567
420,67928,6853
421,43520,10563
422,94292,32788
423,16936,30006
424,64844,6326
425,132343,18124
426,40216,14647
427,127244,38173
428,96490,23573
429,118234,4977
430,18489,18830
431,127424,2406
432,42581,5035
433,45148,21816
434,129541,23528
435,93439,24984
436,110109,35821
437,70261,8989
438,34636,26766
439,60008,30950
440,65552,15078
441,42610,38007
442,119530,26319
443,35589,4341
444,94628,33765
445,111631,21895
446,62584,7103
447,107795,32289
448,53988,14204
449,16947,16844
450,47546,20592
451,127079,12679
452,61029,19180
453,112490,34389
454,59225,17669
455,71632,4973
456,119460,39675
457,37368,33138
458,103003,2390
459,42887,1348
460,108022,30208
461,120835,922
462,39021,29328
463,104958,1877
464,89169,32434
465,31931,24439
466,66617,11039
467,98580,27202
468,22200,36108
469,89205,16960
470,103977,23477
471,21628,33320
472,35115,6555
473,27419,5843
474,53198,23924
475,130291,2545
476,129972,36014
477,17755,1750
478,108140,35859
479,53731,37649
480,58490,16222
481,123727,35144
482,49033,27716
483,48641,19011
484,57065,21546
485,62506,26062
486,68053,481
487,41627,31363
488,30637,2663
489,27186,25316
490,94506,10034
491,129183,9714
492,133709,18447
493,71831,10152
494,131623,9913
495,40410,39029
496,46181,19364
497,85508,27361
498,34285,19037
499,51376,28663
500,98509,11959
501,121937,11799
502,15133,34360
503,16891,20349
504,86642,36964
505,98182,26791
506,119408,22942
507,128006,11717
508,55034,21209
509,28921,29781
510,92600,9460
511,75989,4757
512,23477,22967
513,117764,18294
514,23095,4711
515,98868,24760
516,39717,18140
517,57961,17974
518,23829,7425
519,19746,28004
520,30293,17155
521,115537,33740
522,53615,3452
523,28777,8488
524,65189,22067
525,108988,32967
526,43012,1862
527,31921,33451
528,56668,28887
529,116338,38351
530,44023,22490
531,73388,12283
532,55296,14681
533,25681,29536
534,120878,33614
535,94080,37416
536,71497,3629
537,47535,31828
538,51765,21875
539,91168,29047
540,92098,19833
541,44624,9999
542,53891,15545
543,113303,19595
544,68525,31985
545,110251,4580
546,125381,1592
547,15386,12666
548,118582,30946
549,27511,7864
550,96876,1162
551,44222,34192
552,56770,22207
553,88648,23395
554,118214,33282
555,59999,27928
556,101029,31313
557,83798,24175
558,118179,21498
559,31174,38907
560,40625,33705
561,27034,34639
562,29587,4905
563,47900,23784
564,86014,17341
565,114222,18579
566,51677,20561
567,125277,18681
568,98955,26856
569,122191,28981
570,66166,24775
571,124387,36826
572,75069,4292
573,53204,13092
574,134725,7315
575,125316,18221
576,55893,37783
577,20263,33970
578,106431,27576
579,83172,28830
580,113838,8909
581,30389,34788
582,131909,32167
583,44143,36908
584,91199,35649
585,119763,22345
586,86882,31275
587,42746,8795
588,119205,12470
589,89442,8096
590,127265,22160
591,87319,21283
592,30514,17533
593,101713,26482
594,99216,32975
595,30272,30822
596,19000,16633
597,40622,24996
598,70428,22190
599,44137,22248
600,132961,23103
601,105545,23315
602,38799,1688
603,42060,24879
604,15270,24167
605,123157,33325
606,39219,22028
607,58915,7136
608,63337,28269
609,98460,11748
610,72168,29982
611,92226,22964
612,20387,15836
613,71767,4291
614,46528,15402
615,125288,12195
616,97277,23425
617,119904,39864
618,18712,1726
619,60045,28406
620,116659,31167
621,41372,27410
622,106250,828
623,26978,5948
624,105892,13673
625,15967,7797
626,81507,29675
627,55313,18227
628,89036,30703
629,100706,9901
630,70375,35425
631,22559,30654
632,104433,21239
633,42329,27403
634,21884,13359
635,30736,10470
636,122005,1442
637,35992,31483
638,101492,1850
639,84629,31415
640,18261,37471
641,131809,17249
642,114578,20444
643,107589,25453
644,28602,19838
645,22707,15208
646,17036,35767
647,131440,21927
648,65919,2034
649,59858,16532
650,83569,12579
651,107615,27036
652,130833,38555
653,118008,25663
654,76852,4614
655,24931,35985
656,16801,16903
657,126741,16059
658,87160,19927
659,92880,22346
660,72371,7749
661,82599,17504
662,104346,23081
663,42933,33128
664,42920,618
665,132113,36945
666,84404,32649
667,75309,27152
668,89686,19709
669,93540,17551
670,97776,13458
671,50664,12497
672,64807,30474
673,40922,33896
674,73942,26568
675,52605,5489
676,73259,3558
677,59002,20861
678,99242,12243
679,20772,32110
680,49159,19216
681,40562,20931
682,87577,37054
683,78364,31762
684,118333,18834
685,112195,33058
686,28741,12589
687,100648,8326
688,76828,18294
689,83112,37320
690,109066,23202
691,22932,26810
692,99756,19643
693,81728,21180
694,15663,36457
695,96845,23029
696,119011,13343
697,124548,23531
698,36913,6724
699,116012,4898
700,57991,13162
701,124114,39173
702,87706,6384
703,28527,34872
704,49966,3039
705,89699,32411
706,69339,22540
707,134209,15577
708,85149,3916
709,85373,20240
710,51850,21954
711,128283,3004
712,87863,34878
713,78789,16723
714,133095,33687
715,57845,2814
716,76811,24662
717,96280,32986
718,72377,16592
719,54265,31367
720,32505,14355
721,77476,18157
722,42618,25640
723,38316,5283
724,125879,36774
725,74137,17918
726,121725,35488
727,31734,33844
728,60247,19385
729,27338,10984
730,21283,29398
731,68380,12077
732,53723,26022
733,112842,14647
734,132792,23208
735,82199,7583
736,120393,38837
737,123007,5833
738,133616,15125
739,24817,36481
740,37643,28123
741,83606,25394
742,82979,10478
743,19330,8000
744,103727,3905
745,42294,39454
746,15101,19141
747,132670,36773
748,103244,34839
749,53487,7877
750,61040,14192
751,33754,12309
752,118436,11402
753,55116,20558
754,64947,21300
755,91769,36744
756,129012,14683
757,98630,35659
758,95546,6090
759,134585,11639
760,66505,24850
761,84015,9912
762,124406,16197
763,24106,2134
764,19950,26307
765,42371,23177
766,23942,25896
767,80704,3633
768,114197,29606
769,133375,8114
770,44707,30636
771,40510,19457
772,96538,33586
773,17581,31595
774,106123,2244
775,74987,17991
776,53322,26412
777,96086,4494
778,110956,5226
779,55171,6402
780,71317,6690
781,118457,4614
782,88350,9349
783,72232,5518
784,30073,21088
785,100392,29079
786,104178,24188
787,25991,5225
788,67347,23289
789,71337,13015
790,120435,3396
791,26494,19447
792,100353,19026
793,26058,31504
794,72205,23352
795,96070,30384
796,119476,184
797,94373,20796
798,75250,1666
799,25640,14453
800,83177,36600
801,60441,17643
802,37366,10661
803,88709,9832
804,50807,27059
805,45349,20801
806,53207,4798
807,59982,6911
808,23659,14130
809,54470,28058
810,60051,12470
811,96487,17916
812,77177,6144
813,89450,18294
814,35681,29190
815,90765,17830
816,29861,22219
817,70745,22383
818,115756,16676
819,25954,30770
820,111592,29861
821,116741,33208
822,96256,33808
823,76978,22106
824,97609,3188
825,15447,33161
826,90869,17512
827,133826,9414
828,67083,8393
829,74446,31063
830,46340,30082
831,46222,17209
832,83073,29794
833,96884,682
834,81538,24221
835,45181,12380
836,23943,10490
837,97823,21725
838,54000,16969
839,120235,9783
840,104983,37778
841,101802,36466
842,118618,35917
843,88114,38748
844,122983,3079
845,39393,31278
846,110183,30893
847,101039,30991
848,68239,22525
849,24694,22127
850,32687,38310
851,19092,36683
852,58539,24504
853,109969,39898
854,112588,21153
855,94304,22978
856,61962,12428
857,54058,12177
858,95751,26451
859,132532,24590
860,44947,8540
861,105309,11877
862,77041,13797
863,67144,24196
864,47173,10831
865,33796,439
866,91108,31752
867,130628,33983
868,92250,14952
869,67328,5387
870,69491,17845
871,112576,7294
872,124500,4764
873,54769,21016
874,20017,18407
875,88695,12399
876,97469,28719
877,107205,20204
878,27655,9609
879,119492,8921
880,100988,2698
881,39508,13463
882,73366,15557
883,74336,3112
884,41058,39372
885,130754,18420
886,33027,31992
887,40783,22244
888,87353,12290
889,19338,15398
890,101241,19125
891,34062,19126
892,38829,35084
893,57671,2962
894,123768,26031
895,39486,27478
896,75854,18083
897,70752,25801
898,45539,16522
899,121823,23589
900,122294,30840
901,120383,256
902,51735,29085
903,26611,19363
904,123563,12752
905,97028,11342
906,125651,27833
907,121812,23939
908,79435,1050
909,133291,19149
910,117183,28213
911,61631,38315
912,53074,4588
913,72126,1339
914,114552,14163
915,87362,7556
916,28804,29337
917,42678,13894
918,93221,34399
919,53401,31256
920,15115,3136
921,84311,22946
922,130945,37142
923,50584,17914
924,32653,23219
925,116536,7012
926,133580,6779
927,124432,19312
928,78780,19736
929,57759,18725
930,84188,14081
931,15749,13826
932,36961,17426
933,24742,16533
934,47699,24282
935,47097,21085
936,106452,34
937,58009,33390
938,53220,16132
939,100977,2275
940,85743,1889
941,106980,11127
942,18594,34622
943,82154,4752
944,51766,27033
945,128063,10038
946,23230,30853
947,64314,36723
948,133437,32118
949,77884,10944
950,45752,18331
951,87143,11691
952,56545,31167
953,55739,5295
954,92179,13070
955,75629,30112
956,92692,38822
957,77578,8458
958,115659,11848
959,44826,31235
960,81319,6475
961,130224,36144
962,113452,31017
963,66168,33695
964,29930,7938
965,23176,33431
966,112206,19210
967,79922,32563
968,131261,33130
969,109422,29934
970,113125,27793
971,62190,14748
972,73054,31699
973,19774,25201
974,126469,35331
975,21524,19315
976,100454,36168
977,60739,18509
978,110545,21683
979,36219,36828
980,49980,2
981,96007,38287
982,50137,26776
983,98258,33869
984,30013,35443
985,112542,28466
986,40168,16117
987,90759,3289
988,48523,16463
989,84256,11133
990,62938,10217
991,77319,7565
992,49966,1199
993,53559,6054
994,93335,7667
995,95465,6563
996,85696,20843
997,111904,7499
998,83752,23907
999,35102,27540
1000,21305,23365
1001,51643,4444
1002,120854,30911
1003,35172,7955
1004,111557,39634
1005,77820,15269
1006,51793,12654
1007,72866,25353
1008,82661,39728
1009,56296,36604
1010,113737,9730
1011,36128,15377
1012,89845,15494
1013,29394,33017
1014,72741,36246
1015,77304,37495
1016,87802,31774
1017,79911,328
1018,113970,22902
1019,40701,36303
1020,65275,18647
1021,72861,13330
1022,88064,38582
1023,74514,18236
1024,69668,21355
1025,85328,618
1026,100424,6970
1027,45800,36824
1028,51899,22014
1029,51747,24033
1030,134423,21164
1031,128007,30729
1032,69723,34674
1033,16678,28446
1034,17377,24454
1035,24366,35309
1036,114037,24083
1037,49026,30594
1038,112390,30466
1039,71061,36095
1040,33063,1571
1041,81905,37801
1042,54406,25717
1043,41453,3906
1044,79188,35150
1045,55788,35065
1046,46736,38267
1047,98137,18744
1048,130209,13453
1049,102074,26577
1050,83329,36071
1051,84810,30882
1052,90697,23684
1053,101336,25511
1054,66280,26351
1055,26108,24446
1056,77711,20685
1057,50956,25065
1058,118625,39655
1059,116167,10726
1060,122604,32159
1061,103187,27970
1062,132567,3074
1063,59340,3795
1064,29173,20469
1065,31804,32847
1066,58150,6153
1067,44777,39307
1068,76741,27987
1069,39337,14802
1070,42582,11029
1071,28366,14070
1072,20858,10260
1073,39757,33474
1074,86115,25505
1075,73389,13056
1076,37204,27695
1077,77626,13914
1078,46749,12367
1079,108867,24071
1080,93077,22776
1081,73994,33672
1082,22911,35534
1083,90705,27408
1084,63866,2824
1085,18543,7501
1086,38787,14264
1087,64515,2400
1088,69643,2646
1089,76352,3852
1090,99764,36942
1091,96852,14018
1092,96319,17114
1093,54212,26675
1094,38443,33945
1095,83483,33549
1096,107434,22719
1097,102080,29829
1098,134319,32390
1099,87197,19227
1100,29895,22452
1101,82356,584
1102,116748,12553
1103,68079,34304
1104,38465,17052
1105,118991,34662
1106,112998,8587
1107,83191,11891
1108,116435,29669
1109,71102,27652
1110,63023,36458
1111,18803,35237
1112,67729,635
1113,29328,4531
1114,94238,13795
1115,79537,24425
1116,23804,4918
1117,43865,36340
1118,101766,5318
1119,40940,21996
1120,90163,26238
1121,54566,27793
1122,108317,33178
1123,106477,19788
1124,102704,25449
1125,109799,900
1126,73626,23254
1127,39387,11337
1128,131344,28873
1129,128934,19028
1130,39142,7772
1131,33034,9265
1132,130091,30153
1133,117175,30049
1134,90752,39213
1135,47602,29257
1136,37065,7401
1137,19551,39537
1138,114214,35148
1139,72059,31953
1140,99165,30153
1141,118449,23051
1142,38231,20611
1143,112235,1281
1144,99538,30440
1145,120044,24598
1146,64788,9076
1147,42627,15147
1148,65589,29066
1149,121009,15594
1150,15781,15785
1151,59510,32504
1152,134877,3823
1153,100702,17724
1154,40191,13012
1155,92296,22432
1156,132870,23269
1157,124606,3168
1158,68809,32176
1159,77564,9986
1160,94967,17637
1161,32413,4903
1162,22622,28979
1163,40915,29275
1164,88987,2479
1165,80609,13516
1166,69864,10146
1167,74731,31574
1168,32106,33952
1169,133775,2204
1170,19540,27114
1171,25354,18511
1172,106810,4566
1173,20457,36410
1174,68964,25364
1175,16210,36642
1176,97378,20689
1177,78767,11997
1178,38368,15599
1179,99376,5839
1180,33223,24159
1181,117008,4019
1182,126131,17912
1183,29869,4569
1184,126461,316
1185,47795,37244
1186,126815,15860
1187,55900,18856
1188,128563,15533
1189,120352,34873
1190,37144,248
1191,104204,23891
1192,72056,31911
1193,52959,31651
1194,19541,17056
1195,56733,34843
1196,60580,3328
1197,56480,20754
1198,67672,22186
1199,55434,10342
1200,93022,4681
1201,84119,25163
1202,59670,7465
1203,18543,13767
1204,54917,35636
1205,112842,2152
1206,84455,33814
1207,90203,8779
1208,118580,31852
1209,69105,28692
1210,58290,2324
1211,17654,6355
1212,119828,5844
1213,89450,12236
1214,100929,18765
1215,100888,7168
1216,28122,12962
1217,124655,38917
1218,65560,37042
1219,118577,29438
1220,123617,38720
1221,19262,11940
1222,133113,22750
1223,52692,4678
1224,42886,17477
1225,111038,32731
1226,51071,34112
1227,121777,23579
1228,43644,3147
1229,45187,11781
1230,19527,18671
1231,46282,3640
1232,131853,5813
1233,39059,10653
1234,126819,27915
1235,110102,12378
1236,84362,27573
1237,52703,13169
1238,120754,14450
1239,72288,15966
1240,60377,12906
1241,55471,35051
1242,54010,26914
1243,41903,33129
1244,131896,30670
1245,103281,88
1246,117255,29297
1247,61323,29084
1248,93825,28055
1249,63421,50
1250,32532,39843
1251,79141,10635
1252,44130,34060
1253,18184,25224
1254,70544,23949
1255,97347,38687
1256,34549,20598
1257,62379,27692
1258,133392,16437
1259,118881,27368
1260,38396,10763
1261,47245,7344
1262,32319,33183
1263,18714,11398
1264,114880,20600
1265,119298,36648
1266,59731,15329
1267,73519,32931
1268,61838,13435
1269,134911,30237
1270,42236,21621
1271,125192,23258
1272,131214,37768
1273,126270,11693
1274,20274,25184
1275,128185,13075
1276,38603,23591
1277,35665,15208
1278,18301,1883
1279,102495,25260
1280,43332,31582
1281,71660,14580
1282,90197,26455
1283,69724,22094
1284,115144,2988
1285,134089,16844
1286,49785,34725
1287,109709,13106
1288,112975,19540
1289,37000,8858
1290,114568,22841
1291,124840,29987
1292,126482,8205
1293,21659,25040
1294,101324,3464
1295,16665,16032
1296,92504,9823
1297,73850,34254
1298,102095,4776
1299,127726,21949
1300,115126,1295
1301,70198,3373
1302,109152,20716
1303,134060,13606
1304,74979,14455
1305,66819,6421
1306,51043,11466
1307,54080,33605
1308,134754,19550
1309,102862,9658
1310,48142,4940
1311,50088,32258
1312,53400,4457
1313,36093,39479
1314,16330,3083
1315,126735,39639
1316,86820,26108
1317,79755,10359
1318,103079,3884
1319,40313,21780
1320,63512,5028
1321,62987,15149
1322,27625,11923
1323,51469,33635
1324,16759,27381
1325,43837,1581
1326,38472,28098
1327,126804,31554
1328,88533,16504
1329,52775,19205
1330,78538,26042
1331,48182,35663
1332,28526,29580
1333,51328,23272
1334,126072,14191
1335,74532,22803
1336,127424,13483
1337,125965,281
1338,51592,16418
1339,45875,16350
1340,47848,25813
1341,28236,20282
1342,85518,32836
1343,117087,16807
1344,54384,25367
1345,97277,34357
1346,81605,34642
1347,45380,21919
1348,119944,21701
1349,63795,11269
1350,80883,28415
1351,133546,37900
1352,110713,17239
1353,63340,20547
1354,67000,29049
1355,108660,27642
1356,42928,1530
1357,96759,22188
1358,126120,4660
1359,82904,38615
1360,95860,4097
1361,134915,2628
1362,29115,18536
1363,38994,20563
1364,78653,2239
1365,125831,30973
1366,58410,27953
1367,68414,35720
1368,119534,11254
1369,119170,18495
1370,66306,18951
1371,98095,5212
1372,130657,4296
1373,102205,25842
1374,71261,25660
1375,71370,11127
1376,92067,26230
1377,16699,29548
1378,70480,2829
1379,92564,22738
1380,73007,32299
1381,28220,26979
1382,39940,37297
1383,86727,35653
1384,53696,3514
1385,116310,4371
1386,106812,8798
1387,50846,31011
1388,101680,17714
1389,42106,38140
1390,111359,24704
1391,104560,10990
1392,69834,9394
1393,99662,21040
1394,41879,27191
1395,106598,24010
1396,88716,13762
1397,82719,14726
1398,91179,1791
1399,19167,35582
1400,74525,25892
1401,118249,34268
1402,44384,14466
1403,48086,22863
1404,81919,2979
1405,85945,39522
1406,110457,5768
1407,123202,11475
1408,88140,10362
1409,65061,24647
1410,82627,27274
1411,85223,38232
1412,22645,21947
1413,16490,38306
1414,55549,34335
1415,124981,2746
1416,109953,22958
1417,93275,34771
1418,53731,7294
1419,98346,30102
1420,26649,16870
1421,106543,21066
1422,27611,16024
1423,81571,23589
1424,79113,29991
1425,71748,38366
1426,15018,5494
1427,113467,2666
1428,120384,4218
1429,50932,25287
1430,104922,39595
1431,108474,39631
1432,114075,39994
1433,72320,29160
1434,24528,32296
1435,57415,15368
1436,126600,25069
1437,21708,3077
1438,17905,20320
1439,115776,28983
1440,87900,14705
1441,48679,13724
1442,111855,10740
1443,88058,9449
1444,103712,3822
1445,128724,7418
1446,108909,33929
1447,40279,38381
1448,54559,33795
1449,76098,25782
1450,41372,25109
1451,36298,17961
1452,18233,32326
1453,40922,17493
1454,29928,31683
1455,106305,14845
1456,25694,19789
1457,52293,5073
1458,23887,32578
1459,30286,19479
1460,83623,2
1461,29241,26571
1462,23509,15032
1463,115082,23147
1464,54072,26143
1465,100828,35409
1466,69858,21244
1467,23140,17553
1468,127138,19479
1469,93607,34556
1470,51250,26495
1471,55741,4703
1472,128439,10517
1473,104525,14585
1474,118199,32813
1475,24173,32399
1476,87301,4369
1477,113624,20705
1478,111344,37822
1479,66144,38804
1480,41597,22017
1481,100029,38404
1482,23965,28236
1483,123665,15082
1484,20766,25135
1485,20610,30960
1486,94944,17667
1487,132773,19000
1488,19173,24616
1489,108240,11606
1490,53705,34920
1491,18959,33778
1492,44863,30785
1493,71026,21670
1494,78059,19714
1495,124766,21895
1496,98473,28165
1497,22129,9252
1498,44818,2867
1499,25296,20299
1500,44952,35063
1501,22232,36147
1502,69722,36582
1503,64953,18297
1504,30500,26434
1505,102849,2068
1506,54460,27793
1507,103386,30864
1508,109274,15467
1509,108277,39661
1510,50374,23588
1511,131882,38888
1512,96624,25046
1513,73841,22234
1514,45299,22207
1515,55636,23445
1516,131130,36776
1517,79647,3745
1518,57601,3426
1519,96607,17608
1520,48396,5036
1521,133322,13623
1522,26487,9814
1523,66314,7958
1524,109743,31907
1525,133250,1980
1526,33093,21903
1527,83622,11644
1528,127111,19540
1529,94706,11517
1530,56788,8850
1531,20727,31723
1532,18860,32773
1533,51046,37917
1534,86457,162
1535,32954,15351
1536,40635,26475
1537,66004,16850
1538,28531,2509
1539,90719,7240
1540,54927,9070
1541,85750,22712
1542,131689,2203
1543,53869,14403
1544,109120,39836
1545,89510,29475
1546,66445,6303
1547,19739,36478
1548,121920,6282
1549,102939,17069
1550,34915,20732
1551,104271,28818
1552,81915,17469
1553,88773,13298
1554,22152,17504
1555,52225,5043
1556,99896,26400
1557,98685,38700
1558,108478,9696
1559,125675,9274
1560,92739,13756
1561,112565,32725
1562,102997,18991
1563,32313,14426
1564,40145,16213
1565,97933,8086
1566,107436,4539
1567,87969,26615
1568,120342,8169
1569,106554,29074
1570,89937,10874
1571,69411,34576
1572,90801,10408
1573,117187,9434
1574,16593,29930
1575,127833,9925
1576,52570,37310
1577,58111,25166
1578,49101,4631
1579,80237,15819
1580,65847,19615
1581,25473,4754
1582,120509,30118
1583,100689,39293
1584,20310,37108
1585,126111,25941
1586,84635,7504
1587,116556,33239
1588,102175,19830
1589,134644,4263
1590,59128,20621
1591,86627,33094
1592,52978,1156
1593,37645,31292
1594,129439,16763
1595,36077,9848
1596,20092,8013
1597,79180,7643
1598,83343,12704
1599,127077,35853
1600,52913,31569
1601,110751,13045
1602,134934,9608
1603,45549,3734
1604,121178,36959
1605,124119,37644
1606,49961,14112
1607,97409,16532
1608,70436,33574
1609,48980,33494
1610,40219,38782
1611,36135,8074
1612,111176,12067
1613,22239,1681
1614,41771,39563
1615,53612,4766
1616,87523,4836
1617,103853,11074
1618,45382,2781
1619,37046,7097
1620,113127,22324
1621,102296,39611
1622,115536,11678
1623,73501,493
1624,16856,21602
1625,71311,13940
1626,100444,30164
1627,51383,30100
1628,134669,19709
1629,67772,15704
1630,111251,11792
1631,128964,35392
1632,74318,3511
1633,45557,3413
1634,123114,25546
1635,50229,8244
1636,82406,26965
1637,27272,4036
1638,83576,25581
1639,112265,33786
1640,15352,1379
1641,94675,17619
1642,53569,6385
1643,61499,7253
1644,76760,25465
1645,84554,14608
1646,120499,11798
1647,33374,21869
1648,126069,23810
1649,118979,9556
1650,111408,13847
1651,95870,30668
1652,52178,31831
1653,108830,36494
1654,95947,9495
1655,134524,8903
1656,16736,32123
1657,99987,34832
1658,19857,8053
1659,58833,22084
1660,115051,26668
1661,77975,25301
1662,65066,26397
1663,30804,23565
1664,100428,2911
1665,121576,19790
1666,32933,15042
1667,54877,2888
1668,113057,18111
1669,108568,12120
1670,119311,6203
1671,58697,4450
1672,70334,21013
1673,28060,22043
1674,65207,23941
1675,94405,2232
1676,123860,27945
1677,110973,5201
1678,22231,16258
1679,105482,24580
1680,95960,24576
1681,68095,10606
1682,130848,36372
1683,66125,7333
1684,114269,32337
1685,41866,23035
1686,118560,29636
1687,97428,3461
1688,29644,23628
1689,93692,6320
1690,19987,21465
1691,64122,3602
1692,48475,26207
1693,16144,38311
1694,39487,9241
1695,45492,13411
1696,114690,30523
1697,34268,15838
1698,70052,21419
1699,49767,33538
1700,86529,39587
1701,24310,35767
1702,93099,36771
1703,49705,786
1704,88787,11581
1705,43616,21078
1706,42131,6425
1707,64833,13565
1708,91722,19323
1709,23847,39671
1710,42640,1324
1711,29231,714
1712,107537,22336
1713,130211,23617
1714,134943,7301
1715,63544,23341
1716,88451,11004
1717,39507,20431
1718,26352,28372
1719,43040,3032
1720,88784,15188
1721,130345,13829
1722,89949,4507
1723,79404,33346
1724,34131,3207
1725,70970,18124
1726,82075,6984
1727,128440,34397
1728,44853,6747
1729,16043,24817
1730,117997,7429
1731,71105,28730
1732,20836,12156
1733,23198,566
1734,83258,27172
1735,73778,25992
1736,69003,22380
1737,92094,8797
1738,132587,10524
1739,37883,16459
1740,130163,38783
1741,133959,33762
1742,118940,38249
1743,42399,23354
1744,84715,26425
1745,91497,25085
1746,28858,35433
1747,49376,13307
1748,34519,33721
1749,50598,24747
1750,62274,26385
1751,39186,31107
1752,56135,18841
1753,80245,39777
1754,68026,23681
1755,73513,15895
1756,72799,22578
1757,23380,36281
1758,79965,1303
1759,107458,5141
1760,122688,15461
1761,119514,33611
1762,82468,34154
1763,77713,30906
1764,74538,12601
1765,127534,1778
1766,109777,6081
1767,16394,8271
1768,78326,2211
1769,129829,39731
1770,123665,26634
1771,123483,11640
1772,60172,39312
1773,30242,17134
1774,126135,31344
1775,87303,28955
1776,87484,20754
1777,22955,38686
1778,103374,39280
1779,72516,31349
1780,119398,31546
1781,53086,20688
1782,56221,30624
1783,113858,3022
1784,75808,27440
1785,90303,33737
1786,116916,29477
1787,109247,19282
1788,52981,1165
1789,127214,27093
1790,43611,32050
1791,66866,34111
1792,89729,37856
1793,129760,12599
1794,69299,22810
1795,81689,6075
1796,31553,21845
1797,99068,37623
1798,26923,36015
1799,39446,37191
1800,72285,1894
1801,44321,24837
1802,27750,18559
1803,74006,26803
1804,28984,16227
1805,20678,16479
1806,51222,16493
1807,106851,18198
1808,70108,4842
1809,83164,8238
1810,49266,20426
1811,34288,23573
1812,23979,36866
1813,37615,39153
1814,51793,26330
1815,118446,39927
1816,71477,36453
1817,106264,35549
1818,61393,3092
1819,54534,17122
1820,123228,6447
1821,20930,29984
1822,44853,11252
1823,115831,39814
1824,73265,35564
1825,116469,29026
1826,65480,39297
1827,40801,22703
1828,49700,38749
1829,53855,23285
1830,105699,758
1831,108917,17578
1832,103515,34125
1833,49789,37659
1834,91568,28290
1835,113086,33158
1836,16903,3506
1837,120449,37370
1838,49707,34808
1839,104886,13716
1840,66098,8422
1841,85068,21821
1842,128241,36212
1843,107563,31407
1844,74831,33756
1845,99984,36367
1846,62608,7274
1847,103532,29679
1848,123243,27450
1849,79403,36887
1850,110257,33446
1851,22584,38850
1852,43834,7276
1853,124430,9922
1854,75366,23088
1855,105311,21774
1856,115398,23653
1857,53202,6258
1858,63942,17718
1859,118619,35963
1860,67039,14949
1861,39877,7907
1862,77137,7131
1863,33192,22243
1864,99235,409
1865,120948,39115
1866,33927,17665
1867,97210,36280
1868,85595,23264
1869,22262,27193
1870,16309,33496
1871,18198,15393
1872,18385,28936
1873,20094,435
1874,39589,28485
1875,59074,13723
1876,73405,21846
1877,44217,33718
1878,30946,20030
1879,22780,10236
1880,106173,12235
1881,64581,4003
1882,123462,12111
1883,88811,27436
1884,39572,552
1885,58961,25315
1886,30922,38844
1887,114757,4982
1888,90264,23220
1889,69413,5428
1890,75535,29849
1891,38520,11001
1892,106955,14437
1893,123745,25302
1894,32590,8005
1895,55392,17792
1896,107372,18679
1897,66987,39158
1898,15388,1041
1899,47216,31373
1900,43844,12232
1901,83614,30821
1902,72114,30236
1903,94295,14500
1904,72896,3716
1905,66430,104
1906,104067,26640
1907,73941,30620
1908,46554,3411
1909,45609,14285
1910,107466,10012
1911,92409,11976
1912,65340,30093
1913,99291,15483
1914,73501,12967
1915,53069,29726
1916,101155,14261
1917,119002,13176
1918,35519,15363
1919,28656,11535
1920,38802,12387
1921,128803,32385
1922,25833,15583
1923,44218,18369
1924,38590,33508
1925,92607,684
1926,74877,1834
1927,60732,11421
1928,128440,24694
1929,102370,33047
1930,64774,14291
1931,60718,25092
1932,26534,16427
1933,74559,12789
1934,64110,3794
1935,43584,74
1936,78859,38943
1937,42583,26019
1938,56544,14897
1939,94725,20811
1940,38581,33524
1941,41646,19718
1942,100643,35865
1943,115891,403
1944,19992,36961
1945,90905,15381
1946,42769,4155
1947,39423,11100
1948,86526,28395
1949,82264,5758
1950,82510,16462
1951,118390,6151
1952,134702,1461
1953,52968,34281
1954,121645,18477
1955,85837,21401
1956,115486,9639
1957,134359,13547
1958,15717,8820
1959,131571,19677
1960,126722,37589
1961,70065,31718
1962,71244,32855
1963,25485,38062
1964,98595,32196
1965,124199,15656
1966,63566,1027
1967,48716,19617
1968,40141,10489
1969,74703,33010
1970,26194,1204
1971,127235,864
1972,105957,11986
1973,22193,39629
1974,93669,22422
1975,59021,22296
1976,84713,23316
1977,81304,24690
1978,81112,14974
1979,101318,439
1980,41336,5533
1981,129624,14543
1982,95555,11776
1983,19779,11791
1984,18337,14310
1985,116462,27828
1986,78245,13997
1987,49809,10599
1988,106931,17883
1989,59313,7726
1990,56911,39362
1991,75558,1464
1992,103317,34738
1993,93630,20737
1994,47062,37029
1995,117067,23546
1996,37314,39052
1997,127354,8851
1998,94298,37807
1999,126019,11315
2000,41526,15905
2001,49346,26536
2002,89544,27440
2003,65543,10386
2004,108621,23111
2005,80537,33151
2006,74929,25511
2007,104352,11820
2008,125088,25354
2009,133139,33169
2010,106892,39265
2011,65302,6206
2012,16334,37350
2013,47025,38354
2014,89469,37345
2015,32154,18516
2016,72282,599
2017,119399,6167
2018,24348,36536
2019,47800,10260
2020,93163,29485
2021,100683,34970
2022,28270,32668
2023,19268,10708
2024,116045,11912
2025,105421,12699
2026,128347,35109
2027,40320,7097
2028,59199,38722
2029,73571,10035
2030,72867,2404
2031,132108,16954
2032,76965,14098
2033,134067,17494
2034,79590,20490
2035,72965,18877
2036,47946,8289
2037,124954,13705
2038,93177,24594
2039,70785,1439
2040,98637,29822
2041,54577,28862
2042,115573,9243
2043,133624,26853
2044,28433,12701
2045,55401,30814
2046,120462,17680
2047,119706,412
2048,111265,15672
2049,133583,35255
2050,20179,10253
2051,75245,21085
2052,20723,19640
2053,43609,13711
2054,19615,4787
2055,133200,14276
2056,22151,16184
2057,112164,12906
2058,74041,29015
2059,65635,14530
2060,40553,10087
2061,72157,28616
2062,36711,15554
2063,25196,6298
2064,108779,5720
2065,121150,968
2066,129884,1310
2067,125786,11774
2068,61428,22736
2069,86560,26230
2070,70377,17837
2071,107100,21432
2072,103115,33609
2073,36181,1118
2074,54410,17216
2075,23583,26748
2076,83624,30956
2077,53266,29288
2078,81202,34806
2079,80061,13373
2080,130444,20590
2081,34892,1054
2082,16099,9987
2083,47530,32100
2084,92910,18418
2085,82161,15325
2086,59839,12505
2087,79761,21038
2088,81709,2685
2089,95283,16348
2090,58455,19785
2091,118757,14491
2092,113888,37695
2093,21978,800
2094,95639,6269
2095,89585,21925
2096,119497,34693
2097,122171,35022
2098,80578,23767
2099,130172,18717
2100,40150,12183
2101,69778,38144
2102,102988,36835
2103,19475,16218
2104,124472,1981
2105,105840,39549
2106,36383,7613
2107,92948,39485
2108,127044,24783
2109,102021,17458
2110,19935,30507
2111,54869,39763
2112,116561,12877
2113,21094,35276
2114,104063,1050
2115,116401,22766
2116,23627,1201
2117,87994,10393
2118,90701,24331
2119,49415,15394
2120,50526,25230
2121,65770,35791
2122,99903,9045
2123,15750,10037
2124,23201,13744
2125,68407,3096
2126,116354,31908
2127,66607,23342
2128,36939,3146
2129,16596,25369
2130,96359,16706
2131,21932,19007
2132,130840,13252
2133,108438,30310
2134,117544,30684
2135,128209,35321
2136,101187,19440
2137,42596,20422
2138,59756,2886
2139,20948,25197
2140,86378,31839
2141,40771,39011
2142,36891,12630
2143,119395,33699
2144,78868,34261
2145,124413,19373
2146,62291,24614
2147,41947,26113
2148,32666,31162
2149,72182,3430
2150,45005,21701
2151,16373,35257
2152,63981,35963
2153,105554,13350
2154,100311,28008
2155,74869,21147
2156,79281,32881
2157,108505,22601
2158,56850,6632
2159,100589,21674
2160,121231,31081
2161,53418,29415
2162,112152,35458
2163,89327,16647
2164,134854,33806
2165,35308,33719
2166,38455,1552
2167,89880,8295
2168,58587,22654
2169,18245,13079
2170,115595,9874
2171,87711,13146
2172,63153,2477
2173,77626,13289
2174,95716,32959
2175,74813,39958
2176,70794,39617
2177,55853,15290
2178,118241,5864
2179,64933,29479
2180,15856,1284
2181,108050,35072
2182,95373,14241
2183,102947,39878
2184,94932,16395
2185,64167,16426
2186,56812,26629
2187,17261,1734
2188,53055,22114
2189,26665,11713
2190,60110,4472
2191,31666,117
2192,126386,36436
2193,37663,18815
2194,43198,24088
2195,101570,29855
2196,25079,28450
2197,34307,3505
2198,103587,678
2199,112852,1803
2200,27594,34314
2201,118073,33467
2202,113604,28771
2203,107814,23132
2204,85736,5772
2205,80194,28050
2206,52485,14069
2207,130645,28276
2208,111455,23296
2209,25203,25409
2210,128273,36154
2211,129637,20974
2212,132079,19540
2213,111773,30630
2214,114080,5233
2215,18770,33608
2216,87353,28358
2217,99435,7143
2218,29092,25351
2219,124062,16029
2220,38783,31036
2221,83867,11636
2222,76104,4530
2223,58857,29854
2224,117047,15758
2225,119459,15204
2226,28860,307
2227,91154,35173
2228,21304,15911
2229,99139,19427
2230,128240,27899
2231,62997,13925
2232,66028,17755
2233,18142,3448
2234,62677,20964
2235,33796,6657
2236,134851,34139
2237,86372,20571
2238,31431,12748
2239,117143,39831
2240,59332,21511
2241,22015,25500
2242,103575,17250
2243,85797,12410
2244,36565,26094
2245,31457,5357
2246,71398,24721
2247,38354,30202
2248,114250,39162
2249,73932,27611
2250,48011,29075
2251,63289,6588
2252,39661,37772
2253,59754,11395
2254,47675,27566
2255,97521,34148
2256,95557,37889
2257,94048,13189
2258,30319,19464
2259,114074,28493
2260,122627,24487
2261,76221,32980
2262,118788,28691
2263,48799,10125
2264,85362,39273
2265,98520,17395
2266,88378,22326
2267,88346,12574
2268,73239,21230
2269,65697,13001
2270,50348,19448
2271,17168,10321
2272,106697,24507
2273,23785,33169
2274,97045,5631
2275,90541,4854
2276,54746,39968
2277,39285,35423
2278,90112,28614
2279,119687,30668
2280,103447,28694
2281,28532,31137
2282,15866,27586
2283,71853,34504
2284,66983,33347
2285,84428,21310
2286,122599,24483
2287,117601,13427
2288,77227,26902
2289,61675,6545
2290,70677,3063
2291,121850,34609
2292,115601,32270
2293,103656,7873
2294,46193,15751
2295,45225,36619
2296,107221,17580
2297,111982,39287
2298,58474,4149
2299,97212,1438
2300,126666,5037
2301,56976,8089
2302,115456,24961
2303,45690,11954
2304,89557,24211
2305,19110,36972
2306,18784,5611
2307,98810,12912
2308,64518,36139
2309,124288,32298
2310,116553,32949
2311,132261,24797
2312,60354,315
2313,41565,31655
2314,42988,13342
2315,91186,90
2316,118844,20979
2317,109120,36580
2318,133940,19231
2319,41721,2223
2320,28749,5061
2321,18122,2873
2322,99092,19624
2323,59491,33387
2324,27822,1701
2325,78649,3709
2326,19413,15553
2327,35187,13170
2328,47582,15758
2329,76850,26624
2330,95268,22665
2331,107759,28696
2332,45730,5148
2333,124631,3155
2334,37852,4991
2335,107626,24054
2336,124897,13763
2337,117820,7851
2338,23608,34951
2339,41560,9951
2340,111789,30594
2341,83431,6866
2342,123942,11289
2343,50897,39170
2344,76989,31153
2345,100582,35139
2346,71267,15591
2347,63415,23533
2348,114516,2659
2349,127381,32937
2350,109968,8021
2351,76653,18245
2352,121828,23456
2353,71930,26389
2354,30505,5287
2355,93893,22623
2356,28884,20642
2357,99566,10706
2358,81034,10570
2359,133834,14184
2360,28175,18880
2361,35147,14370
2362,68940,21530
2363,63697,4432
2364,72449,30328
2365,69630,34389
2366,70241,21710
2367,102953,33185
2368,97748,25588
2369,50095,11552
2370,76185,19992
2371,25330,34395
2372,55242,26581
2373,25133,39131
2374,23000,39753
2375,17844,23091
2376,105134,39683
2377,31157,32747
2378,77986,16566
2379,90812,1060
2380,58981,9055
2381,100427,27258
2382,91189,27414
2383,90357,39449
2384,28843,15731
2385,38659,33502
2386,45290,3479
2387,74598,24917
2388,113173,30522
2389,47456,12830
2390,80423,5652
2391,120079,32543
2392,56181,1434
2393,18339,23673
2394,95106,18476
2395,70351,2619
2396,93078,34452
2397,78465,33326
2398,69032,22215
2399,78747,26767
2400,81048,23908
2401,33148,3271
2402,49889,33938
2403,129024,21739
2404,94379,38330
2405,91997,10083
2406,40773,27693
2407,32384,27034
2408,96804,27305
2409,129681,20235
2410,124721,32844
2411,117854,1624
2412,18575,34310
2413,84127,18122
2414,79275,31020
2415,85789,30863
2416,34554,1539
2417,29168,4255
2418,61351,2611
2419,125065,35590
2420,74700,28484
2421,27086,15410
2422,116206,26780
2423,127444,37590
2424,124227,31268
2425,27638,29095
2426,111529,24863
2427,87706,9890
2428,86236,4157
2429,67780,27916
2430,103704,21844
2431,86319,29396
2432,36896,13415
2433,114849,30034
2434,92370,35286
2435,130296,16597
2436,60801,16301
2437,26659,10403
2438,64858,19718
2439,75129,34521
2440,47482,24970
2441,134225,15229
2442,21059,10633
2443,56849,22412
2444,67749,8590
2445,54776,28448
2446,48828,19055
2447,31409,5429
2448,32930,37707
2449,49966,3910
2450,44428,22256
2451,133569,16397
2452,43980,22915
2453,83635,38759
2454,119961,36947
2455,57912,18002
2456,22343,30505
2457,120297,30890
2458,28227,14841
2459,124834,30785
2460,76005,39777
2461,107847,4296
2462,90520,23767
2463,19603,2307
2464,77609,33204
2465,32745,12354
2466,67214,10930
2467,65106,37947
2468,101430,25977
2469,38128,29013
2470,83130,30590
2471,106959,33627
2472,115019,34440
2473,45593,21177
2474,85897,10135
2475,25688,1615
2476,120677,23917
2477,20538,23711
2478,104529,27235
2479,51702,25976
2480,85784,33802
2481,92052,18060
2482,93052,8621
2483,122572,30057
2484,81130,33991
2485,39043,21112
2486,19975,7691
2487,133168,26652
2488,80495,18959
2489,40451,38913
2490,127454,37423
2491,27559,32338
2492,82976,38238
2493,74786,3511
2494,80252,33404
2495,99554,16718
2496,99893,7427
2497,103994,33972
2498,120368,17303
2499,58631,20684
2500,106784,38112
2501,85741,1172
2502,49150,35630
2503,129384,12175
2504,101373,17809
2505,128168,4393
2506,37127,22115
2507,86978,3407
2508,72882,6759
2509,108073,15679
2510,32151,22741
2511,23515,38242
2512,19970,27559
2513,107053,37152
2514,99610,13719
2515,127688,26147
2516,39143,8306
2517,47845,2971
2518,113707,35111
2519,125940,36419
2520,39989,7635
2521,69691,5235
2522,124522,24292
2523,55788,39424
2524,59600,14444
2525,126332,22287
2526,109215,17931
2527,102328,24950
2528,129962,4505
2529,66155,22068
2530,105244,21669
2531,103426,37083
2532,124935,25789
2533,130398,37637
2534,112594,10864
2535,22186,15419
2536,21592,34987
2537,89454,12203
2538,124749,7557
2539,19343,3070
2540,104325,20727
2541,123947,678
2542,118357,36065
2543,75957,38070
2544,56136,824
2545,17899,31469
2546,26089,35970
2547,35043,39544
2548,80570,26925
2549,92920,7163
2550,101193,22508
2551,85296,9571
2552,115007,1308
2553,132819,32186
2554,87914,26485
2555,34672,22722
2556,22974,33
2557,134785,21834
2558,82780,5945
2559,130047,8519
2560,49961,21262
2561,18661,15476
2562,75662,24466
2563,39369,18463
2564,122847,20424
2565,24501,36221
2566,19515,23203
2567,54145,1916
2568,39850,21330
2569,71031,3215
2570,122684,26285
2571,109122,14989
2572,44541,31859
2573,18761,22842
2574,93531,29193
2575,121978,27700
2576,134801,29680
2577,25301,13093
2578,47711,15749
2579,86038,3602
2580,134255,24833
2581,110285,28226
2582,77484,12827
2583,85183,8329
2584,92220,19194
2585,32977,32197
2586,120577,28963
2587,109583,30495
2588,20005,11228
2589,15534,8162
2590,121724,25780
2591,23868,27441
2592,107677,15261
2593,77914,23154
2594,76658,24003
2595,87934,37978
2596,85209,6491
2597,127291,20217
2598,99631,32651
2599,69251,16635
2600,120923,31016
2601,93669,6863
2602,110855,36868
2603,82943,5928
2604,83633,6759
2605,90293,39576
2606,84595,11693
2607,82139,23496
2608,40635,29731
2609,96662,30126
2610,98336,39563
2611,70054,4358
2612,69079,9889
2613,99485,6960
2614,39071,30823
2615,32554,30739
2616,132401,38817
2617,20854,35173
2618,109959,5866
2619,50537,7743
2620,78791,13357
2621,68800,12618
2622,97866,25513
2623,32465,1974
2624,31721,37537
2625,111612,25664
2626,93922,5301
2627,28010,20655
2628,83586,19621
2629,117122,34514
2630,38667,10403
2631,93505,37541
2632,122903,18519
2633,68954,11677
2634,26691,17932
2635,118301,15868
2636,74760,15976
2637,119394,11157
2638,30119,5826
2639,45449,9542
2640,19591,10924
2641,126071,4616
2642,78170,21638
2643,90744,23748
2644,128177,15982
2645,118467,26395
2646,95650,30160
2647,95500,22756
2648,101744,34562
2649,19002,5553
2650,55861,28840
2651,18818,17363
2652,40587,37237
2653,35143,37658
2654,128775,8712
2655,97170,5472
2656,55858,7851
2657,45530,15383
2658,74811,17619
2659,96830,4448
2660,30816,32868
2661,60232,39124
2662,130435,21809
2663,127071,32070
2664,22303,3598
2665,74153,3913
2666,115128,3704
2667,79727,31741
2668,29213,7075
2669,97316,29168
2670,55761,10511
2671,27932,2834
2672,121310,32703
2673,86453,23126
2674,105000,38176
2675,97302,15117
2676,20167,4767
2677,26186,32665
2678,38551,39115
2679,57772,13492
2680,84200,116
2681,65433,35405
2682,125092,5071
2683,25082,30488
2684,37281,23672
2685,75936,17670
2686,78590,28154
2687,53731,37928
2688,54104,2102
2689,104340,18125
2690,37469,39420
2691,29331,4509
2692,130712,13624
2693,66725,22024
2694,113785,10089
2695,39925,6023
2696,21381,24061
2697,92502,23928
2698,52677,14256
2699,49821,24985
2700,30190,26373
2701,98429,14282
2702,30766,29210
2703,117883,22743
2704,127288,31062
2705,81609,32876
2706,23202,36662
2707,64817,27590
2708,119690,17085
2709,41760,29956
2710,42562,29302
2711,112627,29774
2712,114253,13718
2713,27217,24073
2714,35796,24385
2715,15204,27347
2716,78865,2214
2717,25723,22044
2718,35991,11417
2719,58978,35682
2720,111206,34840
2721,133809,28208
2722,111933,12676
2723,129095,9049
2724,134032,21737
2725,127444,39245
2726,85738,24202
2727,131380,6308
2728,38165,35576
2729,125751,35386
2730,96348,21966
2731,61115,12053
2732,91559,4184
2733,53876,7271
2734,69132,4789
2735,31422,17
2736,115046,19899
2737,119060,10373
2738,128496,33105
2739,36376,30630
2740,99520,10445
2741,54300,24880
2742,109208,24170
2743,18858,37269
2744,112088,13831
2745,125834,36572
2746,132622,19994
2747,125603,20912
2748,119362,1044
2749,98888,22490
2750,54665,23636
2751,121942,23801
2752,129874,8903
2753,57485,39442
2754,126868,11676
2755,38890,17003
2756,104072,38766
2757,132829,37828
2758,126552,31432
2759,128871,15582
2760,118267,17498
2761,21866,18386
2762,126316,27000
2763,127627,27667
2764,28366,23909
2765,85094,21431
2766,87738,8881
2767,102614,4780
2768,112582,32045
2769,36743,8887
2770,118718,24534
2771,60112,27678
2772,123867,21088
2773,48060,7986
2774,111583,38100
2775,125598,29902
2776,16858,12413
2777,109872,20988
2778,78413,13709
2779,44660,10915
2780,74748,22753
2781,50808,38920
2782,35042,3262
2783,44768,27949
2784,33330,12944
2785,101741,39501
2786,101531,28725
2787,32504,34425
2788,27779,15985
2789,107452,2832
2790,59654,20344
2791,99898,34008
2792,66474,11246
2793,37947,15601
2794,67134,14887
2795,127406,7753
2796,53924,15135
2797,20084,39939
2798,40628,23107
2799,56160,13995
2800,40888,29549
2801,94325,28836
2802,41767,1738
2803,65143,28525
2804,44146,30194
2805,34989,33461
2806,125869,10094
2807,101219,22637
2808,80909,3320
2809,103002,25139
2810,133083,30555
2811,37103,22283
2812,100546,5457
2813,79313,13899
2814,110030,10575
2815,128790,1152
2816,39528,39622
2817,71853,9808
2818,71779,33114
2819,84474,30348
2820,131035,12861
2821,63097,4938
2822,81315,31153
2823,49209,8335
2824,57957,31515
2825,115322,27224
2826,116727,30340
2827,94048,10832
2828,21513,35086
2829,37517,20100
2830,38965,35159
2831,129622,73
2832,115278,25827
2833,87128,14656
2834,42314,8031
2835,100321,20569
2836,59996,24194
2837,118343,17648
2838,36629,39241
2839,127036,23011
2840,118643,9918
2841,32328,15876
2842,120058,6220
2843,41243,12804
2844,61760,38831
2845,125848,22222
2846,107060,21372
2847,19492,4975
2848,69578,23046
2849,131654,39490
2850,31989,19194
2851,42574,21199
2852,70944,34008
2853,85122,20263
2854,117572,6276
2855,128907,21742
2856,102277,38235
2857,124498,14396
2858,78346,19481
2859,77474,22243
2860,132380,26968
2861,76277,35769
2862,85002,37824
2863,58572,1144
2864,38506,32908
2865,81099,16204
2866,43904,39915
2867,26459,18077
2868,40359,10846
2869,115872,31555
2870,58463,25956
2871,130997,39241
2872,87146,12144
2873,33326,13291
2874,37224,21805
2875,118410,2461
2876,46750,1000
2877,103823,13798
2878,100728,15700
2879,79486,2770
2880,103311,36829
2881,31933,13933
2882,98018,22655
2883,31171,21511
2884,77074,14145
2885,27872,16028
2886,84554,13673
2887,133856,33840
2888,111303,37895
2889,123117,30021
2890,95965,38969
2891,24470,38698
2892,122855,2275
2893,126228,22854
2894,87185,34516
2895,114390,10695
2896,125388,39108
2897,29698,6607
2898,65285,15983
2899,40435,27233
2900,123359,1682
2901,122443,2045
2902,86756,34682
2903,60722,25358
2904,95067,8925
2905,41256,32427
2906,132780,4338
2907,114300,22037
2908,126673,11525
2909,20449,16491
2910,76292,96
2911,95412,36129
2912,97378,12684
2913,77856,20537
2914,32269,27441
2915,70221,31236
2916,121633,13650
2917,90815,4174
2918,28114,27633
2919,76389,11555
2920,15141,22672
2921,72388,10721
2922,86225,13342
2923,33814,34343
2924,110685,13496
2925,134283,35590
2926,31104,22553
2927,132165,1705
2928,65181,6906
2929,66594,7461
2930,112102,24289
2931,64717,20227
2932,74953,30125
2933,62986,20755
2934,80014,23408
2935,89123,4628
2936,108768,17321
2937,107715,32329
2938,74431,30292
2939,26974,17619
2940,22796,21628
2941,108747,830
2942,17384,20090
2943,130096,31177
2944,85032,4857
2945,19315,21953
2946,108717,34696
2947,88178,12124
2948,128989,12022
2949,124869,33869
2950,132798,10147
2951,73955,25175
2952,82773,12599
2953,125410,31759
2954,95343,10130
2955,20094,33310
2956,110850,6208
2957,88936,17181
2958,94193,20523
2959,93283,17513
2960,48467,4544
2961,105166,16109
2962,78751,5470
2963,95309,6397
2964,70195,26687
2965,113256,8405
2966,23387,19441
2967,80130,3663
2968,80309,31781
2969,98587,35718
2970,81985,23374
2971,49079,33316
2972,45917,19021
2973,82386,205
2974,86574,28341
2975,115265,12602
2976,24225,35205
2977,23848,17148
2978,45381,14349
2979,86730,550
2980,90831,16551
2981,19360,18696
2982,105019,23114
2983,66055,24377
2984,71059,4924
2985,70371,26782
2986,77924,11244
2987,55023,32259
2988,18419,31284
2989,55757,33217
2990,75155,36957
2991,47227,23070
2992,64081,5797
2993,77970,34246
2994,81516,32322
2995,20951,28001
2996,32437,1932
2997,63611,10140
2998,110993,8067
2999,95171,13657
3000,59433,27215
3001,79411,35902
3002,102497,16183
3003,48326,35460
3004,101077,26397
3005,17631,17089
3006,76196,24389
3007,39733,38158
3008,37185,22722
3009,59380,35998
3010,118180,31010
3011,64535,35264
3012,106990,23566
3013,61368,12474
3014,21785,23523
3015,121683,24899
3016,116104,22758
3017,15785,20437
3018,30234,32810
3019,48333,24220
3020,126469,5465
3021,109577,17948
3022,33776,7545
3023,58859,11975
3024,36942,32025
3025,26483,18764
3026,20301,33560
3027,29096,15330
3028,16932,6012
3029,128371,18640
3030,121508,25409
3031,15888,38997
3032,26515,11985
3033,25742,5152
3034,24443,26003
3035,68979,13177
3036,63467,27018
3037,98900,438
3038,122791,19211
3039,128621,35458
3040,73824,25044
3041,121676,19155
3042,130780,11941
3043,107419,27424
3044,70929,17679
3045,77491,9434
3046,59512,5606
3047,111640,21517
3048,43196,14498
3049,94322,38596
3050,17895,2302
3051,61391,13302
3052,63894,34006
3053,63632,21870
3054,91618,1967
3055,97636,22874
3056,31016,28282
3057,128478,22901
3058,67653,21534
3059,31278,28929
3060,100390,31072
3061,26521,498
3062,111549,12161
3063,124449,27913
3064,100167,5514
3065,133135,31293
3066,38374,26076
3067,50581,28023
3068,93881,9274
3069,36483,26914
3070,70843,7471
3071,133595,35022
3072,62832,34073
3073,121279,37215
3074,23997,6388
3075,28839,5246
3076,26718,30504
3077,82966,32828
3078,84380,25116
3079,50107,18395
3080,117575,31649
3081,130158,10502
3082,49932,30639
3083,99520,33577
3084,22991,15932
3085,96038,24552
3086,38215,26577
3087,125297,11155
3088,105834,16718
3089,15142,32053
3090,129654,10375
3091,114348,2700
3092,134761,8522
3093,117319,3302
3094,60365,1092
3095,129581,14430
3096,77325,16153
3097,51498,23300
3098,104499,17998
3099,86215,23262
3100,22226,17805
3101,79488,17599
3102,120602,12081
3103,47984,35592
3104,81408,3032
3105,103599,26005
3106,17631,31660
3107,77041,11001
3108,31863,20873
3109,40712,4646
3110,111782,17359
3111,52761,30394
3112,21161,3653
3113,79055,25537
3114,100343,28622
3115,20565,20913
3116,69724,30749
3117,88703,1257
3118,30253,27772
3119,63905,10028
3120,17253,12580
3121,77106,2476
3122,106714,15598
3123,70900,22520
3124,123248,32071
3125,105267,25110
3126,90095,16354
3127,87784,31498
3128,20434,1679
3129,124234,6614
3130,47871,26102
3131,89230,36622
3132,30499,7950
3133,129684,5697
3134,114304,26673
3135,86826,1503
3136,47027,30866
3137,100248,33431
3138,110029,28877
3139,113232,14890
3140,28149,37811
3141,98490,26192
3142,87904,23834
3143,113557,38247
3144,104175,18218
3145,68313,12013
3146,132273,16981
3147,134635,39009
3148,76357,21131
3149,133596,11508
3150,63364,15715
3151,91667,939
3152,113487,11282
3153,90525,36352
3154,16515,39173
3155,56082,12788
3156,79571,15201
3157,119490,9856
3158,93529,29432
3159,42795,9622
3160,84021,17427
3161,63494,626
3162,83319,10586
3163,79042,11635
3164,129196,28547
3165,79406,15276
3166,96867,23453
3167,91786,21823
3168,93083,28969
3169,109469,37377
3170,52392,4658
3171,70028,23001
3172,92274,17378
3173,83719,20287
3174,18359,23182
3175,24636,13765
3176,24682,33174
3177,110161,10274
3178,41037,15598
3179,91498,34333
3180,119916,19533
3181,85234,19293
3182,34341,20056
3183,37812,34361
3184,109501,39694
3185,100165,10563
3186,108554,6326
3187,85661,29585
3188,25192,38902
3189,81348,16963
3190,20255,23700
3191,26331,20351
3192,58687,5492
3193,52325,35922
3194,85847,1387
3195,118904,17924
3196,78506,23338
3197,34141,36118
3198,95219,18010
3199,67695,12013
3200,97038,7533
3201,47312,32574
3202,64445,804
3203,116904,24004
3204,98345,19940
3205,106285,30592
3206,93272,4087
3207,80224,11121
3208,73756,34179
3209,96930,17517
3210,29074,17038
3211,119550,21899
3212,112777,39840
3213,102401,36597
3214,44152,35796
3215,106467,32672
3216,43491,14615
3217,133674,11354
3218,79850,4655
3219,98267,11308
3220,23790,29382
3221,62411,37990
3222,131913,6848
3223,89294,847
3224,121783,11426
3225,82662,28755
3226,111631,29086
3227,63489,32299
3228,106063,35268
3229,38960,13124
3230,117022,13141
3231,133431,4749
3232,120945,39991
3233,108668,27305
3234,36927,10386
3235,133026,37866
3236,117638,11863
3237,78490,1837
3238,74410,24284
3239,127736,22121
3240,112145,26982
3241,58588,36825
3242,29363,30662
3243,35236,23675
3244,130838,21596
3245,127789,37857
3246,65678,23729
3247,106067,3539
3248,98134,8445
3249,97992,37551
3250,102980,31147
3251,20415,9513
3252,34430,24758
3253,118397,25436
3254,103074,15803
3255,88124,6792
3256,107176,21347
3257,29266,5691
3258,56482,37488
3259,35630,11396
3260,83394,486
3261,57897,15721
3262,49624,32104
3263,128336,38889
3264,95852,4094
3265,81919,2976
3266,42072,4095
3267,130345,35559
3268,32557,4187
3269,21477,680
3270,87261,24285
3271,110540,9760
3272,92928,35455
3273,84461,36901
3274,93618,9341
3275,80331,3262
3276,131512,19068
3277,34043,14102
3278,30828,10580
3279,109647,29566
3280,70083,11803
3281,26636,19638
3282,66175,21616
3283,126162,25900
3284,67305,38008
3285,93538,4311
3286,77653,34863
3287,59877,38893
3288,90975,9126
3289,129088,6968
3290,38910,1906
3291,113607,28967
3292,130854,38614
3293,81470,15418
3294,82791,89
3295,34151,3089
3296,42107,11943
3297,65194,96
3298,120646,25094
3299,74002,8580
3300,115240,5156
3301,57127,15300
3302,117789,35990
3303,128863,28101
3304,131754,16002
3305,76288,9373
3306,45911,3608
3307,83608,15895
3308,42925,17374
3309,108275,27657
3310,23743,33723
3311,56523,34882
3312,41079,7202
3313,101508,38852
3314,54126,23518
3315,87852,39511
3316,88606,5915
3317,101168,18457
3318,44044,2749
3319,53791,14698
3320,45070,14078
3321,101933,10077
3322,66096,17524
3323,134038,29359
3324,48677,7654
3325,71993,39892
3326,133624,34214
3327,116349,32348
3328,78401,29706
3329,45785,15660
3330,110207,12078
3331,64477,20429
3332,131088,11087
3333,75963,2063
3334,82454,17986
3335,41723,10836
3336,76159,16384
3337,122613,34939
3338,86406,7908
3339,70360,20065
3340,82459,23853
3341,105889,3673
3342,24383,38189
3343,119305,8697
3344,20704,8437
3345,23689,39963
3346,128895,16724
3347,73664,3652
3348,19437,1393
3349,36124,17714
3350,17143,27079
3351,37159,32045
3352,101762,12912
3353,89449,22747
3354,92420,25804
3355,110769,16199
3356,63391,16942
3357,19009,21540
3358,21519,39616
3359,70773,35972
3360,68677,34754
3361,37912,38301
3362,32040,5197
3363,33225,824
3364,67328,39482
3365,64913,9133
3366,37904,38346
3367,88597,13331
3368,68522,3494
3369,82297,24678
3370,18318,7621
3371,66309,19906
3372,61954,13221
3373,56509,6230
3374,25752,22095
3375,67887,23877
3376,110110,6099
3377,63984,4420
3378,67603,33894
3379,82250,20483
3380,126253,16522
3381,49264,9139
3382,90519,36776
3383,97345,24924
3384,94591,3120
3385,59375,34087
3386,109627,33813
3387,101009,12531
3388,70004,26343
3389,90401,26046
3390,64591,21080
3391,68671,37867
3392,94033,28952
3393,95583,4927
3394,119554,34775
3395,46233,3953
3396,79868,29675
3397,103895,14019
3398,55122,20573
3399,126823,33145
3400,124639,38791
3401,31598,94
3402,103622,27382
3403,112325,8081
3404,69821,6722
3405,105171,34011
3406,123786,27018
3407,117367,38774
3408,37263,15189
3409,110037,6417
3410,92847,25290
3411,52364,23183
3412,45420,6684
3413,85758,15335
3414,31666,334
3415,32591,20704
3416,129743,19532
3417,43723,23997
3418,109394,19744
3419,116776,13467
3420,53358,34067
3421,113536,3398
3422,124938,1467
3423,92345,5217
3424,34830,8391
3425,35958,24061
3426,80277,16555
3427,97689,37018
3428,43670,1759
3429,55001,38961
3430,16822,27726
3431,73514,9463
3432,19608,9045
3433,74800,9511
3434,17833,8768
3435,111391,30830
3436,66228,26511
3437,39187,27309
3438,112142,16702
3439,72165,22772
3440,90793,29246
3441,77809,27790
3442,77839,3795
3443,30368,31447
3444,104861,16570
3445,126088,29730
3446,109082,32384
3447,116944,11033
3448,69669,31588
3449,109940,25357
3450,119418,29818
3451,53980,21158
3452,95208,25936
3453,32715,12699
3454,31419,34661
3455,63531,33362
3456,54599,36279
3457,29585,27819
3458,28283,27576
3459,101712,5005
3460,45577,15652
3461,121543,4744
3462,56401,9434
3463,40494,30653
3464,50092,20473
3465,90642,22256
3466,49299,31907
3467,121627,12004
3468,64109,16202
3469,123311,6309
3470,88246,23918
3471,20539,28542
3472,100282,12632
3473,84466,9139
3474,15450,20728
3475,46840,39192
3476,25914,29731
3477,89328,29409
3478,23500,12207
3479,105453,35127
3480,119728,22402
3481,125749,34750
3482,43101,9037
3483,120934,39963
3484,25544,22749
3485,124797,8094
3486,109947,11875
3487,32903,1468
3488,58616,21795
3489,44144,30462
3490,73413,10302
3491,91628,37872
3492,67829,21023
3493,89847,35740
3494,88741,3736
3495,126703,23178
3496,121227,34495
3497,85322,19378
3498,63363,32492
3499,47573,5728
3500,105801,22391
3501,92308,31264
3502,56153,1692
3503,125425,26239
3504,111618,12538
3505,134379,6131
3506,108781,12776
3507,122597,11738
3508,70565,3231
3509,80224,27519
3510,132470,16950
3511,55843,17214
3512,76731,16949
3513,101921,10279
3514,47930,23016
3515,26143,21782
3516,127158,9820
3517,53395,24759
3518,121271,36131
3519,25463,34325
3520,81111,24828
3521,73100,25879
3522,98425,5992
3523,50696,6622
3524,44067,7668
3525,35021,14199
3526,19516,5910
3527,51373,10943
3528,28597,32397
3529,102576,34336
3530,125481,20800
3531,41451,8841
3532,78088,20949
3533,94222,22150
3534,131194,709
3535,15679,4530
3536,56619,13713
3537,117849,20692
3538,102314,10655
3539,120053,22840
3540,32581,35343
3541,81590,2079
3542,105029,1301
3543,122729,10150
3544,85624,24550
3545,80371,34696
3546,104365,8105
3547,33711,28465
3548,48552,32103
3549,100629,8845
3550,71370,7909
3551,84668,7162
3552,106555,6958
3553,34315,1868
3554,79011,16606
3555,64867,16944
3556,46515,38473
3557,65682,928
3558,32387,35701
3559,79218,11213
3560,58398,4290
3561,126187,38534
3562,53014,19237
3563,107162,32800
3564,64633,35881
3565,128625,10361
3566,36186,39450
3567,85477,14066
3568,30894,15278
3569,106136,30786
3570,71569,5278
3571,89801,24706
3572,88321,32593
3573,91875,7468
3574,34780,33122
3575,104682,29065
3576,52549,13742
3577,46064,25131
3578,19225,29995
3579,26208,20797
3580,120180,28477
3581,120058,35866
3582,101891,4472
3583,97837,26759
3584,76456,30447
3585,51524,39013
3586,90496,15728
3587,133505,32678
3588,64969,16449
3589,104427,30990
3590,95966,21154
3591,119481,20577
3592,40226,29107
3593,110977,6457
3594,116913,22467
3595,37930,23438
3596,101300,8942
3597,35996,226
3598,15899,22987
3599,64719,22
3600,32158,22357
3601,21934,29185
3602,123548,19743
3603,114687,20546
3604,74375,19720
3605,120383,39654
3606,65118,37787
3607,33256,30217
3608,66064,21485
3609,127675,11154
3610,73153,34204
3611,132020,36864
3612,123675,682
3613,122471,24037
3614,69116,37687
3615,68615,9403
3616,132779,35545
3617,130002,6554
3618,79829,12284
3619,120623,11490
3620,40728,21958
3621,128021,7079
3622,87610,7131
3623,18778,23697
3624,105042,39748
3625,57419,38427
3626,102617,4145
3627,125777,9506
3628,50071,26987
3629,53426,31536
3630,104268,9863
3631,119637,16746
3632,71678,29952
3633,37435,11960
3634,109911,15966
3635,16469,3020
3636,107167,32493
3637,65742,35527
3638,119199,19840
3639,85547,10819
3640,101316,19566
3641,56183,7010
3642,96420,13115
3643,116451,4855
3644,26838,29264
3645,98878,20839
3646,103746,1838
3647,22428,8256
3648,95533,12337
3649,77795,8451
3650,122826,6920
3651,44486,3205
3652,108217,20526
3653,131145,36572
3654,58522,39276
3655,16499,30166
3656,122965,1277
3657,53924,15259
3658,125884,11056
3659,50513,30575
3660,48454,25560
3661,41976,11388
3662,72000,29391
3663,116889,13860
3664,67919,33958
3665,61277,14965
3666,79084,13190
3667,111373,11319
3668,66170,23918
3669,39202,38717
3670,111735,14458
3671,73431,29775
3672,45867,21060
3673,30008,4518
3674,72539,2330
3675,78572,14319
3676,102469,13700
3677,72407,36059
3678,123944,26518
3679,125408,38998
3680,87793,22401
3681,32386,20920
3682,130016,8850
3683,117172,14228
3684,94445,18088
3685,116520,36727
3686,64827,37056
3687,73291,30701
3688,115302,5002
3689,104607,11320
3690,39871,13061
3691,105095,30635
3692,69384,482
3693,19793,36013
3694,33226,1862
3695,131155,13178
3696,117418,37086
3697,125712,5210
3698,134998,30773
3699,58995,18123
3700,88188,5476
3701,108387,26880
3702,43760,21747
3703,30122,31684
3704,120409,20574
3705,85672,3572
3706,98693,16427
3707,16810,14832
3708,67367,18410
3709,116491,33892
3710,102931,30384
3711,94414,15490
3712,92700,32958
3713,96266,8553
3714,52457,30601
3715,98034,21799
3716,30393,36747
3717,56274,5958
3718,58826,13478
3719,86046,777
3720,114053,23950
3721,122965,6779
3722,109472,736
3723,127607,11260
3724,27246,18640
3725,119596,32662
3726,98369,18449
3727,35817,19303
3728,77105,8154
3729,134796,13640
3730,23286,34001
3731,112610,36630
3732,128098,34064
3733,85399,18686
3734,109566,975
3735,108011,11076
3736,104307,4437
3737,51757,21523
3738,51608,2631
3739,77529,8695
3740,120622,37005
3741,114937,9090
3742,128939,39476
3743,17785,20652
3744,125373,3439
3745,27097,29487
3746,111902,35908
3747,125911,32534
3748,32714,12773
3749,113573,18361
3750,37099,8374
3751,23885,19396
3752,77093,4410
3753,37411,13368
3754,119561,29634
3755,38406,29693
3756,133561,7278
3757,118060,22474
3758,81975,7418
3759,59766,15526
3760,44456,1316
3761,19842,19551
3762,79922,16575
3763,134828,9165
3764,30424,2034
3765,19769,32366
3766,129423,15696
3767,34405,22451
3768,82491,28753
3769,123411,249
3770,75068,31984
3771,83096,36654
3772,76514,3216
3773,83098,35975
3774,51280,21279
3775,81512,23168
3776,36646,1368
3777,97271,2159
3778,55842,35280
3779,42331,23226
3780,63051,11349
3781,66784,1018
3782,106426,6607
3783,81825,17701
3784,99490,18214
3785,104501,29980
3786,55549,31459
3787,91448,19668
3788,16486,30469
3789,95955,19003
3790,112137,2701
3791,91007,153
3792,34498,34737
3793,118745,3264
3794,122177,12446
3795,37846,17189
3796,95675,13582
3797,87910,19232
3798,83440,10567
3799,96409,27594
3800,50481,22109
3801,68944,8697
3802,131780,20621
3803,64714,10372
3804,27919,18680
3805,81419,39662
3806,93668,26222
3807,90940,35794
3808,95853,38400
3809,37237,35478
3810,48568,36771
3811,89900,10945
3812,60562,17987
3813,100264,17912
3814,71170,16578
3815,68615,24974
3816,16815,8900
3817,134349,29892
3818,113667,34060
3819,83237,11622
3820,96723,18437
3821,114636,25179
3822,81704,4471
3823,80802,3626
3824,50869,31241
3825,67781,27214
3826,119678,9444
3827,49321,23908
3828,75390,1409
3829,43109,38400
3830,117936,21607
3831,21029,4952
3832,125434,26657
3833,112773,39196
3834,17280,26282
3835,66041,4921
3836,118053,9728
3837,102980,1516
3838,18870,36259
3839,51546,8372
3840,59889,13304
3841,62145,29205
3842,114878,14612
3843,111105,14941
3844,43590,21687
3845,131700,2531
3846,48091,19635
3847,114254,38857
3848,23774,12600
3849,55880,18166
3850,98163,4170
3851,106324,10138
3852,80105,28669
3853,97543,5427
3854,103270,26555
3855,27857,9793
3856,94989,4297
3857,91866,36519
3858,86380,25255
3859,44659,37776
3860,59285,35698
3861,56388,23731
3862,98612,3547
3863,51167,8431
3864,58009,28384
3865,25752,34118
3866,36233,38610
3867,41985,22400
3868,114742,18412
3869,82387,5098
3870,47378,14920
3871,37069,9151
3872,51134,20025
3873,115359,26374
3874,89398,27236
3875,34862,23425
3876,48162,7543
3877,60702,20998
3878,38237,24852
3879,77693,23749
3880,47305,13344
3881,56878,1978
3882,69553,22902
3883,113820,22726
3884,31183,13533
3885,22653,31711
3886,110022,27169
3887,77701,26649
3888,116733,14827
3889,87444,39744
3890,113079,17405
3891,109997,18424
3892,72072,3155
3893,46317,571
3894,49974,11804
3895,110617,11998
3896,44400,3019
3897,103959,23326
3898,100171,21228
3899,44510,36337
3900,22450,36747
3901,78921,23532
3902,63431,6264
3903,91988,2991
3904,78537,15507
3905,124038,25978
3906,25958,4807
3907,126006,17553
3908,27056,19489
3909,99074,26640
3910,107527,39605
3911,42324,27235
3912,102436,11200
3913,65845,27093
3914,19542,28858
3915,48071,21724
3916,36334,8079
3917,29924,20832
3918,27750,20209
3919,66168,20755
3920,131853,35989
3921,43599,35763
3922,105874,28309
3923,130105,14806
3924,39180,508
3925,88402,34604
3926,57895,100
3927,66613,4025
3928,20808,29661
3929,72706,33255
3930,80366,9170
3931,82868,7909
3932,101522,34276
3933,133160,12608
3934,104197,2192
3935,68837,11695
3936,74855,24857
3937,43224,9650
3938,35058,6454
3939,92605,12948
3940,49539,36656
3941,125618,19732
3942,60320,21629
3943,47796,19279
3944,67984,17086
3945,43204,38990
3946,57473,32240
3947,62563,9016
3948,93702,25
3949,64085,3163
3950,114195,4273
3951,74974,31686
3952,26321,6666
3953,47962,563
3954,41520,11801
3955,78133,26625
3956,39913,35570
3957,123718,7272
3958,83207,36863
3959,112763,15710
3960,30926,10038
3961,62053,6161
3962,42251,19309
3963,122846,27118
3964,121734,17617
3965,34332,38738
3966,90193,39049
3967,22593,12090
3968,85475,9210
3969,93369,20239
3970,91767,35532
3971,28119,16199
3972,66190,11974
3973,114339,37353
3974,67042,16680
3975,57144,35233
3976,58169,15725
3977,106020,3536
3978,82045,8034
3979,99383,35892
3980,123270,32239
3981,100684,12061
3982,65289,21307
3983,42828,25259
3984,72542,13237
3985,97852,4305
3986,47768,11430
3987,61230,25450
3988,114469,20237
3989,46775,9747
3990,93198,6681
3991,17615,33986
3992,58259,3038
3993,129581,6789
3994,92465,32410
3995,134006,24866
3996,25397,19345
3997,130197,32321
3998,69765,36036
3999,121985,25411
4000,79768,26505
4001,122532,38866
4002,94013,32008
4003,106938,19958
4004,79593,35420
4005,37726,27248
4006,41034,23425
4007,93992,28136
4008,83689,36613
4009,105015,24987
4010,88745,11967
4011,15358,31338
4012,21190,25979
4013,116051,19741
4014,120541,37799
4015,52043,5189
4016,72310,2282
4017,90728,32246
4018,92540,37150
4019,40032,7095
4020,134889,30278
4021,121583,12405
4022,41762,34903
4023,39017,9539
4024,107062,5185
4025,16160,2711
4026,102012,338
4027,64470,34448
4028,76809,7763
4029,66359,10318
4030,52217,32988
4031,60040,17366
4032,80491,172
4033,61250,34425
4034,25916,18451
4035,130215,19121
4036,18970,14669
4037,17109,10378
4038,101471,5742
4039,79603,25899
4040,75387,15782
4041,131567,29925
4042,22746,36443
4043,40870,24289
4044,70040,26619
4045,109844,26494
4046,125138,36304
4047,121753,24257
4048,94472,21078
4049,68718,35188
4050,116214,1194
4051,64098,14610
4052,68312,34079
4053,50960,29472
4054,87742,2439
4055,29790,38227
4056,33836,22830
4057,126850,21265
4058,94263,20787
4059,25474,18371
4060,73164,5640
4061,52941,27767
4062,31253,454
4063,120931,21441
4064,92895,37674
4065,31394,20719
4066,127099,30660
4067,29519,19574
4068,73464,12421
4069,84882,37847
4070,60095,34999
4071,114015,17075
4072,109681,20627
4073,64003,478
4074,26108,35423
4075,114689,26376
4076,62773,11417
4077,61625,31555
4078,43359,35449
4079,121924,15861
4080,116787,4913
4081,105446,9635
4082,22088,16553
4083,78663,36139
4084,30067,19072
4085,104063,18790
4086,126610,17599
4087,18469,8669
4088,32062,11812
4089,24058,28984
4090,133761,33630
4091,108188,34238
4092,44642,2051
4093,44305,22574
4094,35381,10542
4095,91987,34551
4096,80467,39790
4097,86792,12523
4098,99460,21937
4099,41995,16863
4100,132834,29599
4101,87116,6869
4102,30416,6962
4103,49168,4257
4104,39856,5429
4105,105019,26059
4106,88756,26731
4107,124906,14307
4108,77630,16320
4109,64900,32253
4110,20906,6298
4111,72403,18876
4112,53928,14450
4113,65756,26914
4114,92673,15784
4115,119992,35855
4116,80456,9455
4117,19826,38236
4118,128332,26482
4119,62241,18486
4120,78781,4539
4121,29769,16208
4122,44467,7380
4123,110665,6064
4124,26580,7993
4125,116232,2901
4126,115986,2379
4127,79049,25877
4128,69133,790
4129,107329,3112
4130,126199,27755
4131,64527,14344
4132,45897,8332
4133,131239,35064
4134,90614,17339
4135,21417,38612
4136,60084,23584
4137,118169,31967
4138,111450,25232
4139,33424,5950
4140,86084,38397
4141,85701,30428
4142,103689,35703
4143,47081,32480
4144,134126,3785
4145,35872,32284
4146,116503,20652
4147,23112,36599
4148,55501,16557
4149,131275,23000
4150,117769,21090
4151,42856,19622
4152,96337,21142
4153,84754,4288
4154,23843,10396
4155,122849,12584
4156,35640,12136
4157,20103,2296
4158,87355,370
4159,109743,29446
4160,109087,12648
4161,54144,6187
4162,67312,4857
4163,110757,14532
4164,127926,24925
4165,40307,10307
4166,70253,33159
4167,102564,32835
4168,128734,12216
4169,51862,21555
4170,17253,36346
4171,75767,34703
4172,35890,22338
4173,122166,26703
4174,110395,16132
4175,126898,1587
4176,27076,29670
4177,126633,19513
4178,89672,8614
4179,74788,10118
4180,40608,39280
4181,98058,5455
4182,36067,3548
4183,69461,15566
4184,55876,3164
4185,125010,33653
4186,48923,19820
4187,94274,17912
4188,110473,24639
4189,44518,27234
4190,89540,30798
4191,131353,11834
4192,72063,31756
4193,50704,23938
4194,74793,24982
4195,112055,23673
4196,84288,24573
4197,125816,20553
4198,40167,5619
4199,105362,31916
4200,108351,3494
4201,34946,22817
4202,79062,39963
4203,71310,15263
4204,105581,3183
4205,119519,7665
4206,89485,20515
4207,47854,32891
4208,92074,12986
4209,35380,12031
4210,100603,34486
4211,38629,28861
4212,51353,12863
4213,24536,21784
4214,83607,19349
4215,97988,3163
4216,75020,8422
4217,111389,3743
4218,131133,35681
4219,123694,725
4220,96306,38901
4221,100154,20426
4222,78170,21781
4223,44197,30686
4224,66672,28298
4225,123855,1452
4226,102491,36925
4227,130560,23674
4228,103205,13808
4229,98329,31760
4230,34925,22639
4231,48714,2883
4232,79135,245
4233,39664,36828
4234,99208,30610
4235,71605,28886
4236,105992,35366
4237,57660,25733
4238,56431,11724
4239,83886,13115
4240,115557,26843
4241,68276,2507
4242,101761,33193
4243,86892,548
4244,61684,3434
4245,102868,14621
4246,21610,25110
4247,87606,7150
4248,51660,280
4249,69074,26270
4250,41817,22857
4251,17648,25933
4252,28321,19378
4253,93858,31108
4254,112098,13740
4255,50265,31823
4256,129131,35472
4257,73248,38617
4258,92499,36255
4259,86095,20675
4260,17378,4052
4261,27176,2740
4262,68564,6855
4263,37663,9132
4264,30839,6803
4265,90642,1003
4266,54033,18642
4267,52767,9592
4268,37930,31372
4269,56310,5475
4270,130283,4944
4271,44957,30061
4272,114734,22751
4273,87485,9224
4274,111498,9916
4275,17199,4257
4276,38522,34523
4277,96028,25678
4278,57476,18295
4279,22203,7147
4280,43582,23269
4281,83971,12294
4282,75335,1715
4283,15627,6869
4284,88029,29798
4285,46260,21980
4286,25995,7926
4287,71972,29611
4288,29870,1745
4289,82915,19723
4290,52781,12680
4291,122574,11920
4292,92289,997
4293,17619,30292
4294,51097,26114
4295,41584,27439
4296,111373,37512
4297,71075,16535
4298,35525,37289
4299,77852,38320
4300,78245,4965
4301,87593,29349
4302,120527,3785
4303,100151,17069
4304,120198,2472
4305,62258,29012
4306,112612,27354
4307,85794,38037
4308,78101,7081
4309,73431,37656
4310,104107,5905
4311,30826,35559
4312,80028,30503
4313,113535,5470
4314,105022,4790
4315,49810,10946
4316,134025,30009
4317,29887,34924
4318,77623,17732
4319,116192,24053
4320,93418,24622
4321,130300,15967
4322,16692,34273
4323,26677,27677
4324,124987,15271
4325,64694,25363
4326,22730,27922
4327,95445,21194
4328,117652,26477
4329,117731,4430
4330,20872,8523
4331,112035,2828
4332,53852,29307
4333,129416,20043
4334,32577,31706
4335,84746,36632
4336,58026,23936
4337,117451,25506
4338,16637,32384
4339,93569,22055
4340,84428,1120
4341,119126,7218
4342,82322,33532
4343,96697,1568
4344,95949,29016
4345,113639,12265
4346,114941,8240
4347,92312,11039
4348,134959,7609
4349,58427,17324
4350,44544,18344
4351,114638,36643
4352,22136,5331
4353,66053,39881
4354,35464,11419
4355,128618,32241
4356,65453,25738
4357,111207,38310
4358,57216,22346
4359,56108,23195
4360,34416,7421
4361,64377,28134
4362,125433,38884
4363,114900,19409
4364,124080,18195
4365,38624,13111
4366,59460,8662
4367,57206,28201
4368,83232,10296
4369,94196,21476
4370,61078,38369
4371,24683,15902
4372,76146,37673
4373,41301,8219
4374,21854,9786
4375,88572,10067
4376,118880,35772
4377,103585,33130
4378,28111,27988
4379,126071,32555
4380,28111,2958
4381,36569,24809
4382,78764,35909
4383,108463,28293
4384,84605,8646
4385,64907,17898
4386,99055,1863
4387,125240,18548
4388,70612,4044
4389,26723,25116
4390,95895,39323
4391,74817,13366
4392,71984,10269
4393,85303,38509
4394,104026,5913
4395,71144,13515
4396,15283,29458
4397,91602,35880
4398,118870,3341
4399,108940,28459
4400,100210,1962
4401,53419,30844
4402,90289,9128
4403,71196,6844
4404,65304,18104
4405,76788,13889
4406,42978,23296
4407,89601,36554
4408,129552,27510
4409,66091,5582
4410,47733,15717
4411,130129,12217
4412,95358,16247
4413,73524,25920
4414,98958,31038
4415,19492,26515
4416,50489,17888
4417,23849,25283
4418,129235,18729
4419,31460,4464
4420,59009,29965
4421,47915,7766
4422,93305,18468
4423,77508,27675
4424,30649,563
4425,22362,13435
4426,104533,12176
4427,98276,22722
4428,126169,6955
4429,83503,29273
4430,26084,13406
4431,106592,39388
4432,68351,15894
4433,81878,1393
4434,131373,24783
4435,118188,25941
4436,31813,30650
4437,34080,19770
4438,108374,21094
4439,37216,14195
4440,36489,6260
4441,63390,39726
4442,71411,12371
4443,124044,23770
4444,52591,13739
4445,38341,10839
4446,28743,12952
4447,20026,27504
4448,132900,7702
4449,103569,16849
4450,18088,28054
4451,29640,3470
4452,123934,27006
4453,127617,2542
4454,84160,29765
4455,106238,28680
4456,100081,22082
4457,87780,6802
4458,120440,13471
4459,117923,9447
4460,114858,36809
4461,97180,23611
4462,112604,24928
4463,117835,16226
4464,35187,10197
4465,112547,285
4466,28898,34043
4467,85184,18315
4468,117437,16691
4469,21537,25163
4470,22437,8935
4471,75580,38118
4472,92465,23570
4473,34876,27903
4474,61908,39163
4475,43685,11186
4476,133290,9975
4477,59415,27344
4478,102061,17101
4479,28634,3512
4480,89418,6475
4481,37558,1730
4482,113304,28007
4483,67059,38046
4484,46376,28540
4485,81187,31980
4486,73694,2494
4487,45757,25749
4488,104920,26637
4489,114404,11345
4490,105145,5595
4491,106597,11195
4492,97538,34204
4493,80838,33535
4494,29874,39449
4495,67564,39360
4496,86444,33643
4497,50511,2696
4498,100162,34777
4499,60413,22619
4500,41421,19202
4501,17911,39741
4502,103149,35586
4503,62254,27490
4504,45775,30752
4505,102914,8372
4506,69925,28479
4507,89554,21889
4508,117159,273
4509,56454,31916
4510,130587,5912
4511,15212,10767
4512,32789,35529
4513,57368,18520
4514,47684,36795
4515,73912,20776
4516,66429,922
4517,76282,37401
4518,118730,20681
4519,68605,11827
4520,98165,27926
4521,83746,39333
4522,106229,27118
4523,70338,20924
4524,36549,24761
4525,125268,11365
4526,21075,30958
4527,103929,19936
4528,82167,2986
4529,45754,17357
4530,23260,9285
4531,111358,21248
4532,113333,373
4533,31318,21449
4534,119301,19547
4535,65895,13250
4536,61705,12418
4537,31523,28546
4538,27106,2462
4539,99294,23860
4540,74656,17779
4541,38696,13775
4542,25394,16367
4543,126134,35933
4544,44919,19860
4545,70310,16133
4546,48273,6596
4547,133494,29721
4548,108490,11961
4549,95172,918
4550,23206,12081
4551,50360,1752
4552,54612,35056
4553,99245,12124
4554,80306,11861
4555,17577,725
4556,93421,25374
4557,103413,27559
4558,55795,11817
4559,61452,24859
4560,65189,30657
4561,44294,37354
4562,22276,15982
4563,85352,27883
4564,59899,5653
4565,83927,21289
4566,129022,26971
4567,92075,2870
4568,56295,15680
4569,111730,15777
4570,105655,4544
4571,93160,33980
4572,125043,1198
4573,85587,1087
4574,132951,15976
4575,47907,17640
4576,36097,776
4577,103058,13092
4578,25749,0
4579,81821,31619
4580,29106,3709
4581,104258,2428
4582,94367,19301
4583,82019,10736
4584,45273,15600
4585,52143,18242
4586,115574,11134
4587,65205,2982
4588,49111,32480
4589,36809,9423
4590,15096,38635
4591,134225,7418
4592,122220,39113
4593,93508,20997
4594,131492,9620
4595,53814,11399
4596,55800,37968
4597,94410,26984
4598,57353,29187
4599,40830,35123
4600,93916,2710
4601,114395,31177
4602,107862,17905
4603,20045,31960
4604,106450,38503
4605,106561,1942
4606,100709,33052
4607,126511,5568
4608,29293,25253
4609,100461,36590
4610,118085,12898
4611,50595,226
4612,59273,26563
4613,35257,419
4614,18553,34127
4615,120199,7350
4616,38103,2774
4617,89541,288
4618,95008,4525
4619,119986,25809
4620,125955,36895
4621,51315,39116
4622,51878,19238
4623,80395,23144
4624,77494,11660
4625,31509,26851
4626,77446,22518
4627,58807,10237
4628,130515,17978
4629,96778,12809
4630,67892,28072
4631,61020,33185
4632,98643,8080
4633,78613,21125
4634,79169,13244
4635,119398,21541
4636,59348,10118
4637,23555,21730
4638,46265,5579
4639,88994,27480
4640,36882,12439
4641,42537,23795
4642,99643,9013
4643,46029,8592
4644,91691,19130
4645,54085,12133
4646,107587,8473
4647,80116,31420
4648,103548,8041
4649,25234,34261
4650,53386,33914
4651,47079,5023
4652,128710,19396
4653,107730,7870
4654,92150,35088
4655,121982,8232
4656,35333,9137
4657,43155,16445
4658,108274,23912
4659,124712,32405
4660,15632,27116
4661,132343,39130
4662,67329,17750
4663,39540,24865
4664,86862,24626
4665,118722,9221
4666,15318,18579
4667,73309,17410
4668,65177,11527
4669,117558,2938
4670,45834,22428
4671,91007,37802
4672,29900,12894
4673,62827,10375
4674,38362,12498
4675,29527,4541
4676,74516,24651
4677,19461,7242
4678,60083,39644
4679,106541,35806
4680,25725,36694
4681,21456,7874
4682,125078,32445
4683,76623,10877
4684,86257,8110
4685,56044,26333
4686,99953,24936
4687,128075,6859
4688,90865,31485
4689,35491,36011
4690,95003,11219
4691,55645,22393
4692,127549,30628
4693,106072,35095
4694,27093,17048
4695,39522,25570
4696,76220,9975
4697,107063,11735
4698,112942,7874
4699,102963,20581
4700,121289,8670
4701,57005,9217
4702,27327,11425
4703,133181,20670
4704,45462,39468
4705,82571,17571
4706,34149,2335
4707,19270,29010
4708,109787,33627
4709,57713,37653
4710,42134,18404
4711,66838,8579
4712,18073,32264
4713,88016,20293
4714,126756,32520
4715,106108,31346
4716,60820,493
4717,48822,9740
4718,17864,29876
4719,46744,4801
4720,33130,22100
4721,45506,33148
4722,53894,4975
4723,16472,16791
4724,20467,16588
4725,49984,12383
4726,31880,8975
4727,23174,18169
4728,82888,16819
4729,51571,33810
4730,82117,29137
4731,65666,37758
4732,46355,11564
4733,128441,19750
4734,90889,3721
4735,116479,21483
4736,66537,29471
4737,84629,25943
4738,112054,22226
4739,90567,31205
4740,24256,1047
4741,112422,37392
4742,110429,14834
4743,57705,33227
4744,49480,9127
4745,44151,8886
4746,68847,13927
4747,102351,8733
4748,40033,1581
4749,53418,39552
4750,134118,15817
4751,134148,1985
4752,73214,34763
4753,127998,9357
4754,91169,8674
4755,22843,12067
4756,121529,21979
4757,71693,6417
4758,130339,38053
4759,78443,34423
4760,85837,24414
4761,65650,1357
4762,119668,17330
4763,123857,12177
4764,119982,11271
4765,64413,34920
4766,24596,24092
4767,101469,22520
4768,67588,5794
4769,35738,13713
4770,95213,2439
4771,112510,18261
4772,122428,33290
4773,59536,8656
4774,97794,6757
4775,123589,11745
4776,81400,29505
4777,28979,10117
4778,117807,39881
4779,63765,37188
4780,24299,30706
4781,120542,20128
4782,84192,29944
4783,43399,6908
4784,112625,1981
4785,21525,10596
4786,16854,3620
4787,78210,22070
4788,68128,34131
4789,126913,25590
4790,95305,10075
4791,125948,28517
4792,126734,2288
4793,22174,21259
4794,16199,31954
4795,111810,16626
4796,114708,2006
4797,57062,32230
4798,86409,21775
4799,54193,11452
4800,86924,4973
4801,57142,12035
4802,35436,7898
4803,38640,8980
4804,62080,23934
4805,94646,31267
4806,82027,29656
4807,67299,19438
4808,120544,33256
4809,48169,25691
4810,24465,21281
4811,21683,4166
4812,20688,16332
4813,69911,36949
4814,35569,11649
4815,54038,23046
4816,37090,28894
4817,125623,945
4818,108899,1307
4819,31695,24094
4820,133820,34040
4821,102051,2117
4822,60419,37396
4823,85160,4555
4824,105613,22952
4825,69401,15319
4826,131148,14516
4827,45664,26090
4828,85791,12090
4829,33045,22425
4830,76930,28688
4831,100842,36696
4832,23673,36995
4833,100330,25946
4834,101924,36107
4835,47017,794
4836,87333,18043
4837,59852,8389
4838,133815,19552
4839,122996,15200
4840,76716,14994
4841,99448,8014
4842,60096,24788
4843,115484,12058
4844,75881,8662
4845,17917,23008
4846,31209,35436
4847,40077,29954
4848,27441,17933
4849,91371,9162
4850,48597,31483
4851,58107,19361
4852,92762,18129
4853,22930,23553
4854,108015,35159
4855,59573,39110
4856,90285,21061
4857,48955,5001
4858,21752,185
4859,45173,29331
4860,83355,3112
4861,132833,11943
4862,106233,2046
4863,38814,34925
4864,80632,30829
4865,39870,32909
4866,134584,34359
4867,72654,27394
4868,57423,17350
4869,110352,5727
4870,56237,37239
4871,98670,32406
4872,94988,13360
4873,27717,25654
4874,124054,25538
4875,31568,4273
4876,15613,7391
4877,118395,39516
4878,111948,39781
4879,79918,22503
4880,16315,34213
4881,27537,13422
4882,52710,30427
4883,52839,12508
4884,127862,17686
4885,122698,7837
4886,109564,37955
4887,53985,27938
4888,60088,27672
4889,49522,16949
4890,69018,28697
4891,118531,5903
4892,26311,848
4893,45057,10145
4894,69987,8429
4895,20750,23850
4896,85015,39883
4897,25781,29994
4898,130807,25820
4899,114145,13542
4900,32725,29632
4901,56966,32966
4902,83800,1376
4903,80059,11862
4904,52035,11537
4905,101516,4329
4906,95200,14711
4907,34020,9824
4908,59078,34002
4909,92933,23
4910,83034,157
4911,57136,26675
4912,100037,18658
4913,22594,15999
4914,87926,12449
4915,31128,33105
4916,128216,20702
4917,71059,24089
4918,83872,17133
4919,36566,18394
4920,33570,17565
4921,80031,23100
4922,20994,24532
4923,53193,26098
4924,92648,4654
4925,107944,37919
4926,107944,32436
4927,84187,16011
4928,28675,6273
4929,122964,3240
4930,117179,1861
4931,37216,34906
4932,126624,12606
4933,102208,30327
4934,21057,15065
4935,99141,28023
4936,41539,17124
4937,36122,25117
4938,63598,23539
4939,39314,30139
4940,19129,35450
4941,119666,27247
4942,96983,15039
4943,54772,10142
4944,91716,21954
4945,30098,39037
4946,119188,27349
4947,132566,19160
4948,130608,31513
4949,129759,4990
4950,90869,4796
4951,67218,20569
4952,79529,1544
4953,75887,24219
4954,68006,17319
4955,122734,26594
4956,53341,37233
4957,88234,31736
4958,74818,1567
4959,106258,39941
4960,25217,7123
4961,28593,14046
4962,48254,27955
4963,50896,473
4964,76645,31623
4965,64059,28394
4966,53344,6369
4967,83676,2418
4968,20266,35428
4969,92367,19533
4970,123212,37497
4971,131146,24584
4972,133688,26428
4973,88815,36099
4974,15021,37370
4975,121298,32194
4976,38935,35430
4977,76798,31645
4978,28000,6787
4979,30221,12924
4980,83843,23481
4981,108776,14563
4982,19512,28301
4983,36163,26673
4984,51523,38076
4985,86790,7060
4986,97165,36131
4987,69386,39483
4988,113558,16372
4989,68080,25809
4990,125443,30645
4991,134270,34247
4992,73474,33672
4993,125733,18989
4994,90529,27117
4995,48882,11523
4996,30381,23357
4997,54964,22850
4998,40271,22556
4999,73767,30557
